scenario,run,transition_s,from_mps,to_mps,offset_s,sample_t_rel_s,cycle_index,velocity_command_requested_mps,velocity_command_shaped_mps,velocity_command_applied_mps,velocity_command_measured_mps,velocity_command_accel_mps2,velocity_command_jerk_mps3,velocity_command_active,velocity_command_gait_period_s,velocity_command_gait_duty,velocity_command_gait_step_length_m,velocity_command_gait_foot_lift_m,kernel_footstep_plan_valid,kernel_velocity_error_x_mps,kernel_touchdown_target_fr_x_m,kernel_touchdown_target_fl_x_m,kernel_touchdown_target_rr_x_m,kernel_touchdown_target_rl_x_m,wbc_full_velocity_target_x_mps,wbc_full_requested_acc_x_mps2,wbc_full_srbd_acc_x_mps2,wbc_full_id_qdd_x_mps2,wbc_full_id_contact_force_x_n,wbc_full_srbd_ok,wbc_full_id_ok,wbc_shadow_solver_ok,wbc_shadow_within_budget,wbc_shadow_task_residual_norm,wbc_shadow_residual_norm,wbc_shadow_active_contacts,wbc_shadow_max_abs_tau,touchdown_event_count,touchdown_x_error_m,touchdown_y_error_m,contact_count,support_foot_count,imu_roll_rad,imu_pitch_rad,world_base_z_m
steps,steps_20260913_130149,16.0,0.0,1.0,0.0,16.000000845,114.0,1.0,1.0,1.0,1.147902738,0.8,0.0,1.0,0.14,0.44,0.159090909,0.051851852,1.0,0.1529023,0.035456653,0.034681719,0.034681719,0.035456653,0.0,-1.76233412,-1.76233412,-1.136426824,4.172369542,1.0,1.0,1.0,0.0,1.318e-06,1.318e-06,2.0,5.917683223,0.0,0.0,0.0,2.0,0.0,0.022388065,-0.005304841,0.360862158
steps,steps_20260913_130149,16.0,0.0,1.0,0.25,16.250000468,116.0,1.0,1.0,1.0,1.123855716,0.0,0.0,1.0,0.14,0.44,0.159090909,0.051851852,1.0,0.123855716,0.033797303,0.034646788,0.034646788,0.033797303,0.0,-0.954879154,-0.954879154,-1.312249928,2.469338041,1.0,1.0,1.0,0.0,1.131e-06,1.131e-06,2.0,6.686054624,0.0,0.0,0.0,1.0,0.0,-0.014667876,-0.018200878,0.362306464
steps,steps_20260913_130149,16.0,0.0,1.0,0.5,16.500033553,117.0,1.0,1.0,0.976239773,1.223760227,0.0,0.0,1.0,0.14,0.44,0.155310873,0.049752576,1.0,0.223760227,0.037771162,0.039332771,0.039332771,0.037771162,0.0,-2.352662463,-2.352662463,-2.984709234,-14.038319949,1.0,1.0,1.0,0.0,1.991e-06,1.991e-06,2.0,5.561565531,0.0,0.0,0.0,2.0,0.0,-0.001182866,-0.00516532,0.36030573
steps,steps_20260913_130149,16.0,0.0,1.0,1.0,16.999999247999998,121.0,1.0,1.0,1.0,1.151795235,0.0,0.0,1.0,0.14,0.44,0.159090909,0.051851852,1.0,0.151795235,0.032110592,0.031390898,0.031390898,0.032110592,0.0,-1.900899154,-1.900899154,-1.086955474,8.139917117,1.0,1.0,1.0,0.0,1.869e-06,1.869e-06,2.0,5.084654609,0.0,0.0,0.0,2.0,0.0,-0.019761536,-0.004049553,0.361989224
steps,steps_20260913_130149,32.0,1.0,2.0,0.0,31.999998675,228.0,1.999999834,1.999999834,1.933508929,2.26649074,0.8,0.0,1.0,0.14,0.44,0.307603693,0.14214394,1.0,0.32002736,0.069641548,0.072002644,0.072002644,0.069641548,1.933508929,-3.329818112,-1.3726308,-2.356224468,0.512800371,1.0,1.0,1.0,0.0,1.131e-06,1.131e-06,2.0,21.055585726,0.0,0.0,0.0,0.0,0.0,0.023627635,-0.01844277,0.366688072
steps,steps_20260913_130149,32.0,1.0,2.0,0.25,32.250003395,230.0,2.0,2.0,1.920208928,2.279791072,0.0,0.0,1.0,0.14,0.44,0.305487784,0.140921654,1.0,0.338916888,0.071681666,0.076427339,0.076427339,0.071681666,1.920208928,-3.595821436,-1.656603503,-1.835809069,19.376923251,1.0,1.0,1.0,0.0,1.701e-06,1.701e-06,2.0,8.296014338,0.0,0.0,0.0,2.0,0.0,0.011574955,-0.031896453,0.359428492
steps,steps_20260913_130149,32.0,1.0,2.0,0.5,32.49999785,232.0,2.0,2.0,1.929271378,2.270728622,0.0,0.0,1.0,0.14,0.44,0.306929537,0.141755234,1.0,0.340861692,0.072942489,0.075464026,0.075464026,0.072942489,1.929271378,-3.414572432,-5.532717248,-3.164204306,-15.657909932,1.0,1.0,1.0,0.0,1.436e-06,1.436e-06,2.0,23.595423651,0.0,0.0,0.0,1.0,0.0,-0.025633072,-0.031295061,0.359848511
steps,steps_20260913_130149,32.0,1.0,2.0,1.0,32.999985557,235.0,2.0,2.0,1.908733798,2.291266202,0.0,0.0,1.0,0.14,0.44,0.303662195,0.139861759,1.0,0.413572584,0.078918666,0.076862374,0.076862374,0.078918666,1.908733798,-3.825324036,-4.122737282,-3.05796806,-20.856277417,1.0,1.0,1.0,0.0,1.362e-06,1.362e-06,2.0,6.402541371,0.0,0.0,0.0,2.0,0.0,-0.002820986,-0.013140051,0.356653492
steps,steps_20260913_130149,48.0,2.0,3.0,0.0,48.000005556,342.0,3.0,3.0,2.766857143,3.355643331,0.8,0.0,1.0,0.14,0.44,0.440181818,0.196564036,1.0,0.588786188,0.110770946,0.111822108,0.111822108,0.110770946,2.766857143,-4.0,-3.719505657,-2.341036477,25.183938912,1.0,1.0,1.0,0.0,2.595e-06,2.595e-06,2.0,8.387252067,0.0,0.0,0.0,2.0,0.0,-0.00087067,0.001185675,0.356084248
steps,steps_20260913_130149,48.0,2.0,3.0,0.25,48.2500032,344.0,3.0,3.0,2.782857143,3.306867345,0.0,0.0,1.0,0.14,0.44,0.442727273,0.19700828,1.0,0.532010202,0.110471159,0.109297817,0.109297817,0.110471159,2.782857143,-4.0,-5.025578323,-2.538308156,0.383968424,1.0,1.0,1.0,0.0,1.894e-06,1.894e-06,2.0,23.21384921,0.0,0.0,0.0,1.0,0.0,-0.030834664,0.038062595,0.349647228
steps,steps_20260913_130149,48.0,2.0,3.0,0.5,48.500005341,346.0,3.0,3.0,2.582857143,3.27171954,0.0,0.0,1.0,0.14,0.44,0.410909091,0.189474808,1.0,0.688862397,0.110014814,0.098620888,0.098620888,0.110014814,2.582857143,-4.0,-2.625228388,-1.646124208,20.613682295,1.0,1.0,1.0,0.0,4.468e-06,4.468e-06,2.0,6.13748294,0.0,0.0,0.0,2.0,0.0,-0.026083337,0.020895816,0.35498176
steps,steps_20260913_130149,48.0,2.0,3.0,1.0,49.000005763,350.0,3.0,3.0,2.582857143,3.003372223,0.0,0.0,1.0,0.14,0.44,0.410909091,0.189474808,1.0,0.42051508,0.095181487,0.100284125,0.100284125,0.095181487,2.582857143,-4.0,-6.694222932,-4.569519394,-42.050882458,1.0,1.0,1.0,0.0,7.6e-08,7.6e-08,4.0,13.619131461,0.0,0.0,0.0,2.0,0.0,-0.002346538,0.01194291,0.353757203
steps,steps_20260913_130149,64.0,3.0,1.0,0.0,63.99802210599999,457.0,1.000494474,1.000494474,1.000494474,1.178109038,-1.2,0.0,1.0,0.14,0.44,0.159169575,0.05189581,1.0,0.173608838,0.037620169,0.03654818,0.03654818,0.037620169,0.0,-1.664313787,-1.664313787,1.740915384,55.972847171,1.0,1.0,1.0,1.0,1.111e-06,1.111e-06,2.0,25.462638135,0.0,0.0,0.0,1.0,0.0,-0.012073645,-0.029139886,0.353979225
steps,steps_20260913_130149,64.0,3.0,1.0,0.25,64.249999364,458.0,1.0,0.82652885,0.82652885,1.082418957,-0.210573792,4.0,1.0,0.14,0.44,0.131493226,0.037178246,1.0,0.19524172,0.040546264,0.036797828,0.036797828,0.040546264,0.0,-2.225805267,-2.225805267,-2.642147909,-23.287005762,1.0,1.0,1.0,0.0,1.788e-06,1.788e-06,2.0,5.80485351,0.0,0.0,0.0,2.0,0.0,0.026336482,-0.003228557,0.354812513
steps,steps_20260913_130149,64.0,3.0,1.0,0.5,64.500017894,460.0,1.0,0.899900195,0.899900195,0.892612961,0.789500328,4.0,1.0,0.14,0.44,0.14316594,0.043191617,1.0,0.051274578,0.029249444,0.024722997,0.024722997,0.029249444,0.0,0.37535825,0.37535825,-0.204805142,23.077624041,1.0,1.0,1.0,0.0,2.2e-06,2.2e-06,2.0,5.988137025,0.0,0.0,0.0,2.0,0.0,-0.000602134,-0.006350325,0.355824524
steps,steps_20260913_130149,64.0,3.0,1.0,1.0,64.999999896,464.0,1.0,1.0,1.0,1.103910023,0.0,0.0,1.0,0.14,0.44,0.159090909,0.051851852,1.0,0.103910023,0.031856037,0.029532599,0.029532599,0.031856037,0.0,-2.682769485,-2.682769485,-1.325714001,5.76291406,1.0,1.0,1.0,0.0,2.104e-06,2.104e-06,2.0,8.748674044,0.0,0.0,0.0,2.0,0.0,0.052691452,-0.021249752,0.355050714
steps,steps_20260913_130149,80.0,1.0,0.0,0.0,79.999984304,571.0,1.962e-06,1.962e-06,1.962e-06,-0.016270844,-1.2,0.0,1.0,0.14,0.44,3.12e-07,0.0,1.0,-0.023770126,-0.002292124,-0.004301321,-0.004301321,-0.002292124,0.0,0.50470248,0.50470248,-0.40098912,13.268933152,1.0,1.0,1.0,0.0,2.137e-06,2.137e-06,2.0,4.039661004,0.0,0.0,0.0,4.0,0.0,-0.013630695,-0.01532529,0.3657438
steps,steps_20260913_130149,80.0,1.0,0.0,0.25,80.25000288,573.0,0.0,0.0,0.0,0.23577033,-0.208006656,4.0,1.0,0.14,0.44,0.0,0.0,1.0,0.23577033,0.015384228,0.011416345,0.011416345,0.015384228,0.0,3.761135709,3.761135709,0.487926521,26.398505593,1.0,1.0,1.0,0.0,2.815e-06,2.815e-06,2.0,12.782105772,0.0,0.0,0.0,4.0,0.0,0.008613174,-0.014299392,0.368263798
steps,steps_20260913_130149,80.0,1.0,0.0,0.5,80.499999859,574.0,0.0,0.0,0.0,-0.065620424,0.0,0.0,1.0,0.14,0.44,0.0,0.0,1.0,-0.065620424,0.010650807,0.002450587,0.002450587,0.010650807,0.0,3.761135709,3.761135709,-2.2470988,0.469020073,1.0,1.0,1.0,0.0,3.3764e-05,3.3764e-05,0.0,4.563729226,0.0,0.0,0.0,4.0,0.0,-0.012741631,0.024147863,0.371113632
steps,steps_20260913_130149,80.0,1.0,0.0,1.0,80.999992475,578.0,0.0,0.0,0.0,-0.009510197,0.0,0.0,1.0,0.14,0.44,0.0,0.0,1.0,-0.009510197,0.005590046,-0.000237407,-0.000237407,0.005590046,0.0,2.927571027,2.927571027,-0.490258281,7.281143115,1.0,1.0,1.0,0.0,2.945e-06,2.945e-06,2.0,4.766264038,0.0,0.0,0.0,3.0,0.0,0.004408353,0.029205231,0.372104038
steps,steps_20260913_130415,16.0,0.0,1.0,0.0,15.999993022999998,114.0,0.999999128,0.999999128,0.999999128,1.141726398,0.8,0.0,1.0,0.14,0.44,0.15909077,0.051851774,1.0,0.146476994,0.034846513,0.034021322,0.034021322,0.034846513,0.0,-2.019005365,-2.019005365,-0.106061957,19.924412584,1.0,1.0,1.0,0.0,3.349e-06,3.349e-06,2.0,5.655401736,0.0,0.0,0.0,2.0,0.0,0.020720141,-0.003599613,0.36122429
steps,steps_20260913_130415,16.0,0.0,1.0,0.25,16.249997284,116.0,1.0,1.0,1.0,1.124851811,0.0,0.0,1.0,0.14,0.44,0.159090909,0.051851852,1.0,0.124851811,0.033975725,0.034720777,0.034720777,0.033975725,0.0,-0.944139088,-0.944139088,-1.2703233,3.165755443,1.0,1.0,1.0,0.0,1.141e-06,1.141e-06,2.0,6.489450717,0.0,0.0,0.0,1.0,0.0,-0.010694107,-0.01764741,0.361666983
steps,steps_20260913_130415,16.0,0.0,1.0,0.5,16.500002104,117.0,1.0,1.0,0.972396136,1.227603864,0.0,0.0,1.0,0.14,0.44,0.154699385,0.049415419,1.0,0.227603864,0.036641419,0.039699389,0.039699389,0.036641419,0.0,-2.820485032,-2.820485032,-3.230715119,-17.068647566,1.0,1.0,1.0,0.0,1.99e-06,1.99e-06,2.0,5.540150061,0.0,0.0,0.0,2.0,0.0,-0.012825713,-0.011115327,0.360375272
steps,steps_20260913_130415,16.0,0.0,1.0,1.0,17.000030988,121.0,1.0,1.0,1.0,1.128179925,0.0,0.0,1.0,0.14,0.44,0.159090909,0.051851852,1.0,0.128179925,0.032306794,0.033180466,0.033180466,0.032306794,0.0,-2.055055459,-2.055055459,-1.359069571,4.274907668,1.0,1.0,1.0,0.0,1.82e-06,1.82e-06,2.0,5.073105449,0.0,0.0,0.0,2.0,0.0,-0.002920921,-0.013325366,0.363637066
steps,steps_20260913_130415,32.0,1.0,2.0,0.0,32.000209278999996,228.0,2.0,2.0,1.915064436,2.284935564,0.8,0.0,1.0,0.14,0.44,0.304669342,0.140447085,1.0,0.349043297,0.070854741,0.073768913,0.073768913,0.070854741,1.915064436,-3.698711286,-0.384194867,-1.978787725,5.52235481,1.0,1.0,1.0,1.0,4.84e-07,4.84e-07,2.0,18.273893201,0.0,0.0,0.0,0.0,0.0,0.02417912,-0.018470217,0.366479992
steps,steps_20260913_130415,32.0,1.0,2.0,0.25,32.250178409,230.0,2.0,2.0,1.904285982,2.295714018,0.0,0.0,1.0,0.14,0.44,0.302954588,0.139449644,1.0,0.364710426,0.07281229,0.079264599,0.079264599,0.07281229,1.904285982,-3.914280362,-2.303597688,-2.163368123,23.243908887,1.0,1.0,1.0,1.0,1.728e-06,1.728e-06,2.0,9.221833617,0.0,0.0,0.0,2.0,0.0,0.01114956,-0.027715608,0.356115777
steps,steps_20260913_130415,32.0,1.0,2.0,0.5,32.500128507,232.0,2.0,2.0,1.909061683,2.290938317,0.0,0.0,1.0,0.14,0.44,0.303714359,0.139892111,1.0,0.378054198,0.07488778,0.075409808,0.075409808,0.07488778,1.909061683,-3.81876634,-4.784238394,-3.619239569,-26.017182595,1.0,1.0,1.0,1.0,1.602e-06,1.602e-06,2.0,20.801232881,0.0,0.0,0.0,1.0,0.0,-0.009951198,-0.022251172,0.358395245
steps,steps_20260913_130415,32.0,1.0,2.0,1.0,33.00013226,235.0,2.0,2.0,1.909339628,2.290660372,0.0,0.0,1.0,0.14,0.44,0.303758577,0.139917837,1.0,0.401034732,0.077551916,0.077089977,0.077089977,0.077551916,1.909339628,-3.813207445,-4.158049184,-1.070053535,5.726481603,1.0,1.0,1.0,1.0,1.557e-06,1.557e-06,2.0,5.902043235,0.0,0.0,0.0,2.0,0.0,-0.003237333,-0.001129535,0.353159276
steps,steps_20260913_130415,48.0,2.0,3.0,0.0,48.000133356,342.0,3.0,3.0,2.742857143,3.172225589,0.8,0.0,1.0,0.14,0.44,0.436363636,0.195843732,1.0,0.429368446,0.100269059,0.098947175,0.098947175,0.100269059,2.742857143,-4.0,-2.594503008,-2.989929781,9.792822002,1.0,1.0,1.0,1.0,1.315e-06,1.315e-06,2.0,8.370027228,0.0,0.0,0.0,1.0,0.0,0.032144178,-0.021880828,0.357701114
steps,steps_20260913_130415,48.0,2.0,3.0,0.25,48.250126457,344.0,3.0,3.0,2.750857143,3.264042868,0.0,0.0,1.0,0.14,0.44,0.437636364,0.196090964,1.0,0.521185725,0.102055219,0.106477548,0.106477548,0.102055219,2.750857143,-4.0,-3.463590879,-2.599503245,3.309433366,1.0,1.0,1.0,1.0,1.794e-06,1.794e-06,2.0,26.424138312,0.0,0.0,0.0,0.0,0.0,0.046765748,-0.004914611,0.366511815
steps,steps_20260913_130415,48.0,2.0,3.0,0.5,48.500129209,346.0,3.0,3.0,2.766857143,3.284966667,0.0,0.0,1.0,0.14,0.44,0.440181818,0.196564036,1.0,0.526109524,0.104397226,0.106427213,0.106427213,0.104397226,2.766857143,-4.0,-4.237221654,-2.391040536,20.38301113,1.0,1.0,1.0,1.0,2.192e-06,2.192e-06,2.0,7.343133885,0.0,0.0,0.0,2.0,0.0,0.030843286,-0.013631868,0.359288701
steps,steps_20260913_130415,48.0,2.0,3.0,1.0,49.000131696,350.0,3.0,3.0,2.790857143,3.282875106,0.0,0.0,1.0,0.14,0.44,0.444,0.197219478,1.0,0.492017963,0.105481219,0.108846108,0.108846108,0.105481219,2.790857143,-4.0,-1.684265661,-3.099742828,-11.564606569,1.0,1.0,1.0,1.0,4.48e-07,4.48e-07,3.0,5.914422772,0.0,0.0,0.0,1.0,0.0,0.007758488,0.01020488,0.356256593
steps,steps_20260913_130415,64.0,3.0,1.0,0.0,64.000129644,457.0,1.0,1.0,1.0,1.157283685,-1.2,0.0,1.0,0.14,0.44,0.159090909,0.051851852,1.0,0.152317671,0.036460196,0.039892965,0.039892965,0.036460196,0.0,-1.43752226,-1.43752226,-0.734149125,20.854702383,1.0,1.0,1.0,1.0,1.226e-06,1.226e-06,2.0,7.608189149,0.0,0.0,0.0,1.0,0.0,-0.031025739,-0.026070958,0.355142241
steps,steps_20260913_130415,64.0,3.0,1.0,0.25,64.25012860199999,458.0,1.0,0.82600027,0.82600027,1.025151088,-0.200004168,4.0,1.0,0.14,0.44,0.131409134,0.037136052,1.0,0.139864056,0.038338516,0.034626805,0.034626805,0.038338516,0.0,-3.232297272,-3.232297272,-3.310586047,-33.190269727,1.0,1.0,1.0,1.0,2.004e-06,2.004e-06,2.0,6.578336424,0.0,0.0,0.0,2.0,0.0,0.005439879,-0.01131032,0.353053694
steps,steps_20260913_130415,64.0,3.0,1.0,0.5,64.50013384299999,460.0,1.0,0.902003488,0.902003488,0.918346733,0.8,3.991550998,1.0,0.14,0.44,0.143500555,0.0433684,1.0,0.076744458,0.02914769,0.026301117,0.026301117,0.02914769,0.0,0.463293082,0.463293082,-0.589498882,16.378567771,1.0,1.0,1.0,1.0,1.614e-06,1.614e-06,2.0,5.712998964,0.0,0.0,0.0,2.0,0.0,0.002680191,-0.008586436,0.358694012
steps,steps_20260913_130415,64.0,3.0,1.0,1.0,65.00011603600001,464.0,1.0,1.0,1.0,1.09016131,0.0,0.0,1.0,0.14,0.44,0.159090909,0.051851852,1.0,0.09016131,0.030662932,0.029411592,0.029411592,0.030662932,0.0,-3.083366858,-3.083366858,-1.217822613,7.230775766,1.0,1.0,1.0,1.0,1.964e-06,1.964e-06,2.0,6.248923991,0.0,0.0,0.0,2.0,0.0,0.038307305,-0.024725836,0.354420967
steps,steps_20260913_130415,80.0,1.0,0.0,0.0,80.00012821499999,571.0,0.0,0.0,0.0,-0.025849123,-1.2,0.0,1.0,0.14,0.44,0.0,0.0,1.0,-0.033332971,-0.000673916,-0.00137692,-0.00137692,-0.000673916,0.0,1.135879323,1.135879323,-0.13317058,16.942521113,1.0,1.0,1.0,1.0,2.066e-06,2.066e-06,2.0,4.070058429,0.0,0.0,0.0,4.0,0.0,-0.011594622,-0.00162221,0.367763358
steps,steps_20260913_130415,80.0,1.0,0.0,0.25,80.25012760800001,573.0,0.0,0.0,0.0,0.139112406,-0.200002428,4.0,1.0,0.14,0.44,0.0,0.0,1.0,0.139112406,0.010256338,0.007431286,0.007431286,0.010256338,0.0,3.586449576,3.586449576,0.330227028,22.49035582,1.0,1.0,1.0,1.0,2.423e-06,2.423e-06,2.0,11.399023736,0.0,0.0,0.0,4.0,0.0,-0.01391795,-0.01392502,0.367014758
steps,steps_20260913_130415,80.0,1.0,0.0,0.5,80.500136999,575.0,0.0,0.0,0.0,0.130441249,0.0,0.0,1.0,0.14,0.44,0.0,0.0,1.0,0.130441249,0.009130843,0.008484859,0.008484859,0.009130843,0.0,5.485313311,5.485313311,1.269520352,37.535148813,1.0,1.0,1.0,1.0,1.115e-06,1.115e-06,2.0,11.661768309,2.0,0.004392702,-0.01825728,4.0,0.0,0.020506123,0.011127015,0.373540885
steps,steps_20260913_130415,80.0,1.0,0.0,1.0,81.000127993,578.0,0.0,0.0,0.0,0.000884988,0.0,0.0,1.0,0.14,0.44,0.0,0.0,1.0,0.000884988,-0.000532074,0.000211555,0.000211555,-0.000532074,0.0,4.947096555,4.947096555,1.494178582,37.610140086,1.0,1.0,1.0,1.0,6.89e-07,6.89e-07,2.0,10.790666744,0.0,0.0,0.0,4.0,0.0,-0.005784227,0.008939932,0.371203503
steps,steps_20260913_130640,16.0,0.0,1.0,0.0,16.000005669000004,114.0,1.0,1.0,1.0,1.145342525,0.8,0.0,1.0,0.14,0.44,0.159090909,0.051851852,1.0,0.150342445,0.034937904,0.034038811,0.034038811,0.034937904,0.0,-1.718667375,-1.718667375,-1.141371654,3.664160832,1.0,1.0,1.0,0.0,1.802e-06,1.802e-06,2.0,5.914007696,0.0,0.0,0.0,2.0,0.0,0.023230869,-0.005514653,0.360589822
steps,steps_20260913_130640,16.0,0.0,1.0,0.25,16.249992272,116.0,1.0,1.0,1.0,1.135050191,0.0,0.0,1.0,0.14,0.44,0.159090909,0.051851852,1.0,0.135050191,0.034706849,0.035401119,0.035401119,0.034706849,0.0,-1.230204276,-1.230204276,-1.431986595,0.41055605,1.0,1.0,1.0,0.0,1.083e-06,1.083e-06,2.0,5.393011822,0.0,0.0,0.0,1.0,0.0,-0.016388936,-0.019946611,0.36206938
steps,steps_20260913_130640,16.0,0.0,1.0,0.5,16.499996406,117.0,1.0,1.0,1.0,1.194896704,0.0,0.0,1.0,0.14,0.44,0.159090909,0.051851852,1.0,0.194896704,0.037364541,0.037993303,0.037993303,0.037364541,0.0,-1.859489873,-1.859489873,-2.758933396,-11.337871217,1.0,1.0,1.0,0.0,2.089e-06,2.089e-06,2.0,5.381171241,0.0,0.0,0.0,2.0,0.0,0.004719282,-0.00615214,0.359148429
steps,steps_20260913_130640,16.0,0.0,1.0,1.0,16.999997436,121.0,1.0,1.0,1.0,1.154184766,0.0,0.0,1.0,0.14,0.44,0.159090909,0.051851852,1.0,0.154184766,0.034815124,0.036485929,0.036485929,0.034815124,0.0,-2.295247282,-2.295247282,-1.424564251,3.015065417,1.0,1.0,1.0,0.0,1.692e-06,1.692e-06,2.0,4.940332458,0.0,0.0,0.0,2.0,0.0,-0.001067617,-0.011597163,0.363403789
steps,steps_20260913_130640,32.0,1.0,2.0,0.0,31.999998184999995,228.0,1.999999773,1.999999773,1.919639078,2.280360469,0.8,0.0,1.0,0.14,0.44,0.305397126,0.140869135,1.0,0.393950874,0.076520305,0.075751217,0.075751217,0.076520305,1.919639078,-3.607213908,-2.447601498,-3.802693982,-16.675475214,1.0,1.0,1.0,0.0,1.884e-06,1.884e-06,2.0,18.204355126,0.0,0.0,0.0,0.0,0.0,-0.002468631,0.006018014,0.358839844
steps,steps_20260913_130640,32.0,1.0,2.0,0.25,32.249998835,230.0,2.0,2.0,1.87468558,2.32531442,0.0,0.0,1.0,0.14,0.44,0.298245433,0.136689272,1.0,0.450316268,0.079227418,0.072941555,0.072941555,0.079227418,1.87468558,-4.0,-2.714961627,-1.828970795,24.731625811,1.0,1.0,1.0,0.0,4.645e-06,4.645e-06,2.0,8.831548579,0.0,0.0,0.0,2.0,0.0,0.003417174,0.003512738,0.350926596
steps,steps_20260913_130640,32.0,1.0,2.0,0.5,32.499998132,232.0,2.0,2.0,1.889392895,2.310607105,0.0,0.0,1.0,0.14,0.44,0.300585233,0.138064587,1.0,0.410374201,0.07633691,0.070607385,0.070607385,0.07633691,1.889392895,-4.0,-4.610520761,-3.528602066,-20.982549942,1.0,1.0,1.0,0.0,1.503e-06,1.503e-06,2.0,20.234459829,1.0,0.015015263,0.008213469,1.0,0.0,0.012131183,-0.0041644,0.356305755
steps,steps_20260913_130640,32.0,1.0,2.0,1.0,32.999999962,235.0,2.0,2.0,1.897130693,2.302869307,0.0,0.0,1.0,0.14,0.44,0.301816247,0.138785179,1.0,0.405014063,0.076609259,0.076429743,0.076429743,0.076609259,1.897130693,-4.0,-3.932905186,-3.035897011,-20.146714361,1.0,1.0,1.0,0.0,1.302e-06,1.302e-06,2.0,6.351909568,0.0,0.0,0.0,1.0,0.0,0.020800253,-0.015932364,0.356808513
steps,steps_20260913_130640,48.0,2.0,3.0,0.0,47.999998433,342.0,2.999999804,2.999999804,2.778312085,3.421687524,0.8,0.0,1.0,0.14,0.44,0.442004195,0.196885038,1.0,0.608223648,0.109630506,0.113199302,0.113199302,0.109630506,2.778312085,-4.0,-4.075986014,-2.304207591,29.336135674,1.0,1.0,1.0,0.0,2.252e-06,2.252e-06,2.0,8.549243713,0.0,0.0,0.0,2.0,0.0,0.013185489,0.004271126,0.355254658
steps,steps_20260913_130640,48.0,2.0,3.0,0.25,48.250002691999995,344.0,3.0,3.0,2.822857143,3.369879412,0.0,0.0,1.0,0.14,0.44,0.449090909,0.197990378,1.0,0.582685253,0.114739494,0.112428824,0.112428824,0.114739494,2.822857143,-4.0,-5.967083963,-3.706938963,-18.115313506,1.0,1.0,1.0,0.0,2.119e-06,2.119e-06,2.0,27.701473016,0.0,0.0,0.0,0.0,0.0,0.028161466,-0.008885656,0.363890028
steps,steps_20260913_130640,48.0,2.0,3.0,0.5,48.500001864,346.0,3.0,3.0,2.822857143,3.376270534,0.0,0.0,1.0,0.14,0.44,0.449090909,0.197990378,1.0,0.554866103,0.110820888,0.111413335,0.111413335,0.110820888,2.822857143,-4.0,-4.093683635,-1.781811459,23.71855864,1.0,1.0,1.0,0.0,2.471e-06,2.471e-06,2.0,6.659288252,0.0,0.0,0.0,2.0,0.0,0.031295016,-0.01078766,0.358825887
steps,steps_20260913_130640,48.0,2.0,3.0,1.0,48.999994211,349.0,3.0,3.0,2.822857143,3.264134213,0.0,0.0,1.0,0.14,0.44,0.449090909,0.197990378,1.0,0.447603621,0.11137916,0.108494152,0.108494152,0.11137916,2.822857143,-4.0,-4.347569372,-5.341928635,-27.6274404,1.0,1.0,1.0,0.0,3.9845e-05,3.9845e-05,1.0,26.431757086,0.0,0.0,0.0,1.0,0.0,-0.009530463,0.013585839,0.355731483
steps,steps_20260913_130640,64.0,3.0,1.0,0.0,64.000003639,457.0,1.0,1.0,1.0,1.138563682,-1.2,0.0,1.0,0.14,0.44,0.159090909,0.051851852,1.0,0.133564253,0.034988827,0.036107642,0.036107642,0.034988827,0.0,-1.312207426,-1.312207426,-0.764821028,22.545339845,1.0,1.0,1.0,0.0,1.361e-06,1.361e-06,2.0,9.540750917,0.0,0.0,0.0,2.0,0.0,-0.01851253,-0.016714931,0.353300053
steps,steps_20260913_130640,64.0,3.0,1.0,0.25,64.25000125300001,458.0,1.0,0.826000487,0.826000487,1.072258471,-0.200009544,4.0,1.0,0.14,0.44,0.131409168,0.037136069,1.0,0.188397763,0.038537329,0.03582627,0.03582627,0.038537329,0.0,-2.274202046,-2.274202046,-2.57012791,-22.62079417,1.0,1.0,1.0,0.0,1.75e-06,1.75e-06,2.0,4.952849163,0.0,0.0,0.0,2.0,0.0,0.026785104,-0.002297272,0.354638892
steps,steps_20260913_130640,64.0,3.0,1.0,0.5,64.50000323200001,460.0,1.0,0.901999724,0.901999724,0.87384538,0.799998372,4.0,1.0,0.14,0.44,0.143499956,0.043368083,1.0,0.031432295,0.028040288,0.02362656,0.02362656,0.028040288,0.0,0.864212378,0.864212378,0.012705198,26.206686309,1.0,1.0,1.0,1.0,2.388e-06,2.388e-06,2.0,7.427038074,0.0,0.0,0.0,2.0,0.0,-0.004356731,-0.005251538,0.355468041
steps,steps_20260913_130640,64.0,3.0,1.0,1.0,65.00000109700001,464.0,1.0,1.0,1.0,1.112479366,0.0,0.0,1.0,0.14,0.44,0.159090909,0.051851852,1.0,0.112479366,0.032544056,0.030055049,0.030055049,0.032544056,0.0,-2.850575569,-2.850575569,-1.184682797,6.050966097,1.0,1.0,1.0,0.0,1.952e-06,1.952e-06,2.0,6.9586363,0.0,0.0,0.0,2.0,0.0,0.053702347,-0.019637695,0.355499649
steps,steps_20260913_130640,80.0,1.0,0.0,0.0,79.999995369,571.0,5.79e-07,5.79e-07,5.79e-07,-0.010406945,-1.2,0.0,1.0,0.14,0.44,9.2e-08,0.0,1.0,-0.017906648,-0.002168457,-0.004978724,-0.004978724,-0.002168457,0.0,6.085773388,6.085773388,2.679971241,58.698183774,1.0,1.0,1.0,0.0,2.896e-06,2.896e-06,2.0,20.572602345,0.0,0.0,0.0,4.0,0.0,-0.008107482,-0.012446426,0.366028002
steps,steps_20260913_130640,80.0,1.0,0.0,0.25,80.24999793,573.0,0.0,0.0,0.0,0.255138781,-0.2080202,4.0,1.0,0.14,0.44,0.0,0.0,1.0,0.255138781,0.018489459,0.016939965,0.016939965,0.018489459,0.0,3.514619079,3.514619079,0.264393615,23.433433709,1.0,1.0,1.0,0.0,2.841e-06,2.841e-06,2.0,11.680457966,0.0,0.0,0.0,3.0,0.0,0.016223505,0.000578353,0.370010833
steps,steps_20260913_130640,80.0,1.0,0.0,0.5,80.500003741,575.0,0.0,0.0,0.0,-0.051418742,0.0,0.0,1.0,0.14,0.44,0.0,0.0,1.0,-0.051418742,-0.003599294,-0.002752477,-0.002752477,-0.003599294,0.0,4.77132946,4.77132946,0.759452541,30.123580101,1.0,1.0,1.0,0.0,1.248e-06,1.248e-06,2.0,9.654436803,2.0,0.01494568,-0.015646673,4.0,0.0,-0.003609451,0.019800637,0.372901782
steps,steps_20260913_130640,80.0,1.0,0.0,1.0,80.999997057,578.0,0.0,0.0,0.0,-0.090319704,0.0,0.0,1.0,0.14,0.44,0.0,0.0,1.0,-0.090319704,-0.002307524,-0.006060732,-0.006060732,-0.002307524,0.0,4.55828093,4.55828093,1.3070469,32.682605719,1.0,1.0,1.0,0.0,6.36e-07,6.36e-07,2.0,9.994642637,0.0,0.0,0.0,4.0,0.0,0.004389168,0.026036954,0.370964097
varying,varying_20260913_130859,16.0,0.6,1.4,0.0,15.999987625000003,114.0,1.399998763,1.399998763,1.36093595,1.639061575,0.8,0.0,1.0,0.14,0.44,0.216512537,0.086133437,1.0,0.259375032,0.051403259,0.051397431,0.051397431,0.051403259,1.36093595,-2.781256257,-1.577351989,-0.463169672,13.143772962,1.0,1.0,1.0,0.0,2.254e-06,2.254e-06,2.0,6.151678998,0.0,0.0,0.0,2.0,0.0,0.007960998,-0.018386567,0.359540015
varying,varying_20260913_130859,16.0,0.6,1.4,0.25,16.249999373,116.0,1.4,1.4,1.372994664,1.627005336,0.0,0.0,1.0,0.14,0.44,0.218430969,0.087329817,1.0,0.252364347,0.052541101,0.052766639,0.052766639,0.052541101,1.372994664,-2.540106724,-1.767168305,-2.460428436,-10.811871773,1.0,1.0,1.0,0.0,9.95e-07,9.95e-07,2.0,9.522436987,0.0,0.0,0.0,1.0,0.0,-0.017255582,-0.024067152,0.36034588
varying,varying_20260913_130859,16.0,0.6,1.4,0.5,16.499998427,117.0,1.4,1.4,1.370062283,1.629937717,0.0,0.0,1.0,0.14,0.44,0.217964454,0.08703873,1.0,0.256524139,0.052681695,0.052067657,0.052067657,0.052681695,1.370062283,-2.598754337,-2.309723149,-2.277850765,4.458040717,1.0,1.0,1.0,0.0,1.79e-06,1.79e-06,2.0,6.516020639,0.0,0.0,0.0,2.0,0.0,-0.002360264,-0.021148862,0.358222724
varying,varying_20260913_130859,16.0,0.6,1.4,1.0,17.000015910000002,121.0,1.4,1.4,1.372582609,1.627417391,0.0,0.0,1.0,0.14,0.44,0.218365415,0.087288907,1.0,0.246025354,0.051767804,0.054104268,0.054104268,0.051767804,1.372582609,-2.548347828,-2.4118631,-1.080658574,13.739885721,1.0,1.0,1.0,0.0,1.443e-06,1.443e-06,2.0,5.299955476,0.0,0.0,0.0,2.0,0.0,0.009301297,-0.01001212,0.361533945
varying,varying_20260913_130859,32.0,1.4,2.3,0.0,31.999999876000004,228.0,2.299999986,2.299999986,2.184407204,2.615592768,0.8,0.0,1.0,0.14,0.44,0.347519328,0.163691307,1.0,0.470240815,0.089031102,0.087779223,0.087779223,0.089031102,2.184407204,-4.0,-2.039988825,-3.351349775,-8.009420404,1.0,1.0,1.0,0.0,2.027e-06,2.027e-06,2.0,24.743021303,0.0,0.0,0.0,0.0,0.0,-0.006795431,0.011991221,0.35651762
varying,varying_20260913_130859,32.0,1.4,2.3,0.25,32.249997897,230.0,2.3,2.3,2.129241357,2.670758643,0.0,0.0,1.0,0.14,0.44,0.338742943,0.159233102,1.0,0.526379366,0.090371026,0.08334149,0.08334149,0.090371026,2.129241357,-4.0,-2.792556993,-1.750330973,25.424431955,1.0,1.0,1.0,0.0,5.161e-06,5.161e-06,2.0,8.834578868,0.0,0.0,0.0,2.0,0.0,-0.003693327,0.007544168,0.350208425
varying,varying_20260913_130859,32.0,1.4,2.3,0.5,32.499996262,232.0,2.3,2.3,2.168996633,2.631003367,0.0,0.0,1.0,0.14,0.44,0.345067646,0.162463904,1.0,0.455198738,0.086771418,0.08293762,0.08293762,0.086771418,2.168996633,-4.0,-4.906484514,-3.361896025,-21.90523125,1.0,1.0,1.0,0.0,1.857e-06,1.857e-06,2.0,26.969319572,0.0,0.0,0.0,0.0,0.0,-0.009262147,-0.006148472,0.358481063
varying,varying_20260913_130859,32.0,1.4,2.3,1.0,33.000001888,235.0,2.3,2.3,2.153875045,2.646124955,0.0,0.0,1.0,0.14,0.44,0.342661939,0.161245787,1.0,0.495828518,0.089693246,0.089295737,0.089295737,0.089693246,2.153875045,-4.0,-4.539259593,-2.935483293,-22.18648122,1.0,1.0,1.0,0.0,1.257e-06,1.257e-06,2.0,5.969835616,0.0,0.0,0.0,1.0,0.0,0.029696224,-0.023956884,0.360951559
varying,varying_20260913_130859,48.0,2.3,2.8,0.0,47.999997521000004,342.0,2.799999845,2.799999845,2.599757678,3.200242012,0.8,0.0,1.0,0.14,0.44,0.413597812,0.190270278,1.0,0.667379253,0.114839548,0.113323236,0.113323236,0.114839548,2.599757678,-4.0,-3.269443574,-2.495132194,23.472646545,1.0,1.0,1.0,0.0,2.698e-06,2.698e-06,2.0,8.034235472,0.0,0.0,0.0,2.0,0.0,0.011178966,0.004385604,0.350976975
varying,varying_20260913_130859,48.0,2.3,2.8,0.25,48.250039094,344.0,2.8,2.8,2.674772436,3.125227564,0.0,0.0,1.0,0.14,0.44,0.425531978,0.193458103,1.0,0.468978603,0.101738712,0.101269517,0.101269517,0.101738712,2.674772436,-4.0,-5.060166696,-3.747545322,-16.782442569,1.0,1.0,1.0,0.0,2.1e-06,2.1e-06,2.0,28.236072337,0.0,0.0,0.0,0.0,0.0,0.020217858,0.006202783,0.358579877
varying,varying_20260913_130859,48.0,2.3,2.8,0.5,48.499989774,346.0,2.8,2.8,2.603627793,3.196372207,0.0,0.0,1.0,0.14,0.44,0.414213513,0.190448522,1.0,0.59280874,0.107773558,0.101666319,0.101666319,0.107773558,2.603627793,-4.0,-4.49261839,-1.6906378,23.866128429,1.0,1.0,1.0,0.0,2.466e-06,2.466e-06,2.0,6.636373307,0.0,0.0,0.0,2.0,0.0,0.016628837,-0.00518482,0.357272307
varying,varying_20260913_130859,48.0,2.3,2.8,1.0,48.99999442,349.0,2.8,2.8,2.619997648,3.180002352,0.0,0.0,1.0,0.14,0.44,0.416817808,0.191186148,1.0,0.566385503,0.106621996,0.106182475,0.106182475,0.106621996,2.619997648,-4.0,-5.066780685,-6.009080978,-43.188960765,1.0,1.0,1.0,0.0,4.0028e-05,4.0028e-05,1.0,23.958672628,0.0,0.0,0.0,1.0,0.0,-0.005769408,0.005206005,0.358012815
varying,varying_20260913_130859,64.0,2.8,0.6,0.0,63.999997681,457.0,0.600000638,0.600000638,0.600000638,0.612494628,-1.2,0.0,1.0,0.14,0.44,0.095454647,0.020800041,1.0,0.007544759,0.016367221,0.016485249,0.016485249,0.016367221,0.0,0.984547065,0.984547065,-0.562778996,15.896773198,1.0,1.0,1.0,0.0,9.81e-07,9.81e-07,2.0,4.871708193,0.0,0.0,0.0,2.0,0.0,-0.005309128,-0.002233454,0.362263836
varying,varying_20260913_130859,64.0,2.8,0.6,0.25,64.25000627499999,458.0,0.6,0.426399964,0.426399964,0.462663389,-0.207998572,4.0,1.0,0.14,0.44,0.067836358,0.010972584,1.0,-0.024046582,0.015552178,0.012512964,0.012512964,0.015552178,0.0,-0.146746624,-0.146746624,-0.623219607,12.423146999,1.0,1.0,1.0,0.0,2.241e-06,2.241e-06,2.0,5.219811922,0.0,0.0,0.0,4.0,0.0,0.006476931,-0.006742119,0.359889481
varying,varying_20260913_130859,64.0,2.8,0.6,0.5,64.499997729,460.0,0.6,0.500393521,0.500393521,0.295761644,0.791967244,4.0,1.0,0.14,0.44,0.07960806,0.014836684,1.0,-0.145038442,0.004780066,0.001441256,0.001441256,0.004780066,0.0,4.647059078,4.647059078,1.532567438,42.68196384,1.0,1.0,1.0,1.0,2.246e-06,2.246e-06,2.0,17.587787626,0.0,0.0,0.0,2.0,0.0,-0.008150856,-0.003998926,0.364241599
varying,varying_20260913_130859,64.0,2.8,0.6,1.0,64.99999858,464.0,0.6,0.6,0.6,0.562405363,0.0,0.0,1.0,0.14,0.44,0.095454545,0.0208,1.0,-0.037594637,0.013160897,0.010449438,0.010449438,0.013160897,0.0,0.394127052,0.394127052,-0.615704409,13.003183813,1.0,1.0,1.0,0.0,2.392e-06,2.392e-06,2.0,7.653951217,0.0,0.0,0.0,2.0,0.0,0.017157624,-0.009687778,0.36347088
varying,varying_20260913_130859,80.0,0.6,0.0,0.0,79.999996062,571.0,2.95e-07,2.95e-07,2.95e-07,-0.001277659,-1.2,0.0,1.0,0.14,0.44,4.7e-08,0.0,1.0,-0.005777384,-0.001409922,-0.003322747,-0.003322747,-0.001409922,0.0,6.00561576,6.00561576,2.753365421,59.891626477,1.0,1.0,1.0,0.0,2.839e-06,2.839e-06,2.0,21.058689195,0.0,0.0,0.0,4.0,0.0,-0.008956931,-0.011853329,0.365318594
varying,varying_20260913_130859,80.0,0.6,0.0,0.25,80.25000367899999,571.0,0.0,0.0,0.0,0.071726258,-1.2,0.0,1.0,0.14,0.44,0.0,0.0,1.0,-0.005842662,-0.001409922,-0.003322747,-0.003322747,-0.001409922,0.0,-0.309792385,-1.58867339,-0.256101409,-3.564658229,1.0,1.0,1.0,1.0,9e-09,9e-09,4.0,6.081110762,0.0,0.0,0.0,4.0,0.0,-0.005589105,-0.012479766,0.372914743
varying,varying_20260913_130859,80.0,0.6,0.0,0.5,80.50003232799999,571.0,0.0,0.0,0.0,0.016453767,-1.2,0.0,1.0,0.14,0.44,0.0,0.0,1.0,-0.005842662,-0.001409922,-0.003322747,-0.003322747,-0.001409922,0.0,-0.057782405,-0.242765107,-0.009358004,-0.001580374,1.0,1.0,1.0,1.0,8e-09,8e-09,4.0,6.172054519,0.0,0.0,0.0,4.0,0.0,-0.003678128,-0.009936967,0.37451809
varying,varying_20260913_130859,80.0,0.6,0.0,1.0,81.000065337,571.0,0.0,0.0,0.0,0.010442318,-1.2,0.0,1.0,0.14,0.44,0.0,0.0,1.0,-0.005842662,-0.001409922,-0.003322747,-0.003322747,-0.001409922,0.0,-0.053986283,-0.220938013,-0.003232054,0.099611451,1.0,1.0,1.0,1.0,6e-09,6e-09,4.0,5.740316693,0.0,0.0,0.0,4.0,0.0,-0.001885728,-0.011075126,0.374627655
varying,varying_20260913_131059,16.0,0.6,1.4,0.0,15.999990316000002,114.0,1.399999032,1.399999032,1.387334155,1.612663908,0.8,0.0,1.0,0.14,0.44,0.220712252,0.088754603,1.0,0.216465229,0.048354134,0.049054603,0.049054603,0.048354134,1.387334155,-2.253297525,-2.346531425,-0.132252233,16.458993472,1.0,1.0,1.0,0.0,1.573e-06,1.573e-06,2.0,5.903110239,0.0,0.0,0.0,2.0,0.0,0.005725627,-0.020056279,0.358831053
varying,varying_20260913_131059,16.0,0.6,1.4,0.25,16.249987284,116.0,1.4,1.4,1.385180916,1.614819084,0.0,0.0,1.0,0.14,0.44,0.220369691,0.088540517,1.0,0.227787907,0.051121871,0.051458696,0.051458696,0.051121871,1.385180916,-2.296381672,-2.995435797,0.251501487,29.134781909,1.0,1.0,1.0,0.0,7.22e-07,7.22e-07,2.0,19.15072014,0.0,0.0,0.0,1.0,0.0,-0.014726655,-0.026581369,0.360032463
varying,varying_20260913_131059,16.0,0.6,1.4,0.5,16.499988072,117.0,1.4,1.4,1.373124884,1.626875116,0.0,0.0,1.0,0.14,0.44,0.218451686,0.087342745,1.0,0.267507179,0.054290549,0.052793278,0.052793278,0.054290549,1.373124884,-2.537502329,-2.438891387,-2.347982296,4.029294448,1.0,1.0,1.0,0.0,1.87e-06,1.87e-06,2.0,6.61236257,0.0,0.0,0.0,2.0,0.0,-0.005015164,-0.020705286,0.358587094
varying,varying_20260913_131059,16.0,0.6,1.4,1.0,16.999992048,121.0,1.4,1.4,1.348011406,1.651988594,0.0,0.0,1.0,0.14,0.44,0.21445636,0.084853156,1.0,0.280781488,0.052934435,0.051638563,0.051638563,0.052934435,1.348011406,-3.039771871,-2.844522459,-0.986405725,15.706099886,1.0,1.0,1.0,0.0,1.64e-06,1.64e-06,2.0,5.474351264,0.0,0.0,0.0,2.0,0.0,0.014413162,-0.008827324,0.362558093
varying,varying_20260913_131059,32.0,1.4,2.3,0.0,31.999993356,228.0,2.299999253,2.299999253,2.173504176,2.626494329,0.8,0.0,1.0,0.14,0.44,0.345784755,0.162824391,1.0,0.464033459,0.08707098,0.08767061,0.08767061,0.08707098,2.173504176,-4.0,-2.269478504,-3.122436405,-10.669621426,1.0,1.0,1.0,0.0,1.65e-06,1.65e-06,2.0,23.509657351,0.0,0.0,0.0,0.0,0.0,0.015475119,-0.005124515,0.361371334
varying,varying_20260913_131059,32.0,1.4,2.3,0.25,32.249995727,230.0,2.3,2.3,2.151020679,2.648979321,0.0,0.0,1.0,0.14,0.44,0.342207835,0.161014353,1.0,0.477694675,0.087289158,0.087766815,0.087766815,0.087289158,2.151020679,-4.0,-3.213306058,-1.807212351,26.792859012,1.0,1.0,1.0,0.0,2.681e-06,2.681e-06,2.0,9.109311249,0.0,0.0,0.0,2.0,0.0,0.006914747,-0.025300859,0.356782238
varying,varying_20260913_131059,32.0,1.4,2.3,0.5,32.500016192,232.0,2.3,2.3,2.141425651,2.658574349,0.0,0.0,1.0,0.14,0.44,0.340681354,0.160232939,1.0,0.51144852,0.090056423,0.089036819,0.089036819,0.090056423,2.141425651,-4.0,-6.006439881,-3.63299912,-24.680133698,1.0,1.0,1.0,0.0,1.804e-06,1.804e-06,2.0,26.135238711,1.0,0.004409594,-0.004970701,1.0,0.0,-0.016222592,-0.015739242,0.359489013
varying,varying_20260913_131059,32.0,1.4,2.3,1.0,32.999994502,235.0,2.3,2.3,2.164791258,2.635208742,0.0,0.0,1.0,0.14,0.44,0.344398609,0.162126492,1.0,0.456917231,0.086486559,0.086854949,0.086854949,0.086486559,2.164791258,-4.0,-4.353629226,-3.176900845,-22.319369292,1.0,1.0,1.0,0.0,1.263e-06,1.263e-06,2.0,5.927445331,0.0,0.0,0.0,1.0,0.0,0.039370697,-0.026520077,0.35956341
varying,varying_20260913_131059,48.0,2.3,2.8,0.0,47.999993487,342.0,2.799999593,2.799999593,2.658510436,3.141488749,0.8,0.0,1.0,0.14,0.44,0.422944842,0.192815627,1.0,0.495717108,0.101906265,0.100742396,0.100742396,0.101906265,2.658510436,-4.0,-3.375249579,-2.860753059,14.133355641,1.0,1.0,1.0,0.0,1.845e-06,1.845e-06,2.0,8.492307576,0.0,0.0,0.0,2.0,0.0,0.017629791,-0.017969044,0.359761199
varying,varying_20260913_131059,48.0,2.3,2.8,0.25,48.249986434,344.0,2.8,2.8,2.659856587,3.140143413,0.0,0.0,1.0,0.14,0.44,0.423159003,0.192869849,1.0,0.465404998,0.099620843,0.100838694,0.100838694,0.099620843,2.659856587,-4.0,-3.608591854,-2.337068654,3.22882855,1.0,1.0,1.0,0.0,1.464e-06,1.464e-06,2.0,26.272245835,0.0,0.0,0.0,0.0,0.0,0.041533627,-0.01030147,0.365039459
varying,varying_20260913_131059,48.0,2.3,2.8,0.5,48.499993657,346.0,2.8,2.8,2.717993617,3.082006383,0.0,0.0,1.0,0.14,0.44,0.432408075,0.195030416,1.0,0.363517252,0.094609429,0.105643525,0.105643525,0.094609429,2.717993617,-3.640127669,-2.924022358,-2.081656209,24.345845209,1.0,1.0,1.0,0.0,3.374e-06,3.374e-06,2.0,7.111315724,0.0,0.0,0.0,2.0,0.0,0.013693824,-0.012724796,0.356037526
varying,varying_20260913_131059,48.0,2.3,2.8,1.0,49.000009797,350.0,2.8,2.8,2.624378325,3.175621675,0.0,0.0,1.0,0.14,0.44,0.417514734,0.191379032,1.0,0.55124335,0.105389326,0.104728308,0.104728308,0.105389326,2.624378325,-4.0,-0.248578209,-2.669404742,7.977710118,1.0,1.0,1.0,0.0,1.125e-06,1.125e-06,2.0,4.926236988,0.0,0.0,0.0,0.0,0.0,-0.007685379,-0.009094738,0.35848016
varying,varying_20260913_131059,64.0,2.8,0.6,0.0,63.999992922000004,457.0,0.600001946,0.600001946,0.600001946,0.612459972,-1.2,0.0,1.0,0.14,0.44,0.095454855,0.020800125,1.0,0.007507104,0.015750519,0.015453662,0.015453662,0.015750519,0.0,0.957772555,0.957772555,0.593171356,31.871434312,1.0,1.0,1.0,0.0,2.368e-06,2.368e-06,2.0,11.607315095,0.0,0.0,0.0,2.0,0.0,-0.004811647,-0.001618803,0.362492044
varying,varying_20260913_131059,64.0,2.8,0.6,0.25,64.249988821,458.0,0.6,0.42640019,0.42640019,0.453757904,-0.208002968,4.0,1.0,0.14,0.44,0.067836394,0.010972595,1.0,-0.03294269,0.019863202,0.013676632,0.013676632,0.019863202,0.0,-0.412503215,-0.412503215,-1.161483315,5.16352265,1.0,1.0,1.0,0.0,2.761e-06,2.761e-06,2.0,8.780627892,0.0,0.0,0.0,4.0,0.0,0.010761358,-0.003539492,0.36109845
varying,varying_20260913_131059,64.0,2.8,0.6,0.5,64.50000016,460.0,0.6,0.500408552,0.500408552,0.258470102,0.792042388,4.0,1.0,0.14,0.44,0.079610451,0.01483752,1.0,-0.183130374,0.00388747,-0.000491951,-0.000491951,0.00388747,0.0,4.914284884,4.914284884,1.005263035,34.792803688,1.0,1.0,1.0,0.0,2.975e-06,2.975e-06,2.0,16.240860259,0.0,0.0,0.0,2.0,0.0,-0.006198711,-0.004659479,0.364369568
varying,varying_20260913_131059,64.0,2.8,0.6,1.0,64.999992034,464.0,0.6,0.6,0.6,0.551664996,0.0,0.0,1.0,0.14,0.44,0.095454545,0.0208,1.0,-0.048335004,0.012936826,0.011124124,0.011124124,0.012936826,0.0,0.824804149,0.824804149,-0.638816771,12.90996809,1.0,1.0,1.0,0.0,2.513e-06,2.513e-06,2.0,6.747203579,0.0,0.0,0.0,2.0,0.0,0.015459424,-0.010965289,0.363636803
varying,varying_20260913_131059,80.0,0.6,0.0,0.0,79.999997759,571.0,1.68e-07,1.68e-07,1.68e-07,0.0012421,-1.2,0.0,1.0,0.14,0.44,2.7e-08,0.0,1.0,-0.003108953,-0.001312833,-0.004243221,-0.004243221,-0.001312833,0.0,5.818852856,5.818852856,2.759368902,60.037172845,1.0,1.0,1.0,0.0,2.759e-06,2.759e-06,2.0,20.87781758,0.0,0.0,0.0,4.0,0.0,-0.005557068,-0.011194198,0.365151215
varying,varying_20260913_131059,80.0,0.6,0.0,0.25,80.249988554,571.0,0.0,0.0,0.0,0.074061404,-1.2,0.0,1.0,0.14,0.44,0.0,0.0,1.0,-0.003148977,-0.001312833,-0.004243221,-0.004243221,-0.001312833,0.0,-0.317610614,-1.628214099,-0.264076557,-3.673499561,1.0,1.0,1.0,1.0,1.2e-08,1.2e-08,4.0,6.078399634,0.0,0.0,0.0,4.0,0.0,-0.004045132,-0.011451935,0.372869181
varying,varying_20260913_131059,80.0,0.6,0.0,0.5,80.499990772,571.0,0.0,0.0,0.0,0.015891948,-1.2,0.0,1.0,0.14,0.44,0.0,0.0,1.0,-0.003148977,-0.001312833,-0.004243221,-0.004243221,-0.001312833,0.0,-0.054711113,-0.224217646,-0.007108542,0.035469385,1.0,1.0,1.0,1.0,1.1e-08,1.1e-08,4.0,6.176923031,0.0,0.0,0.0,4.0,0.0,-0.001994414,-0.008925295,0.374454007
varying,varying_20260913_131059,80.0,0.6,0.0,1.0,80.99998813799999,571.0,0.0,0.0,0.0,0.010419528,-1.2,0.0,1.0,0.14,0.44,0.0,0.0,1.0,-0.003148977,-0.001312833,-0.004243221,-0.004243221,-0.001312833,0.0,-0.054521677,-0.221597805,-0.004672863,0.083343656,1.0,1.0,1.0,1.0,8e-09,8e-09,4.0,5.780170623,0.0,0.0,0.0,4.0,0.0,0.000487197,-0.010099314,0.374606727
varying,varying_20260913_131301,16.0,0.6,1.4,0.0,15.999994119,114.0,1.399999412,1.399999412,1.369853497,1.630145327,0.8,0.0,1.0,0.14,0.44,0.217931238,0.087018008,1.0,0.239785248,0.050208405,0.050645062,0.050645062,0.050208405,1.369853497,-2.602918306,-1.020518367,-0.478756102,10.084838047,1.0,1.0,1.0,0.0,2.086e-06,2.086e-06,2.0,5.693898778,0.0,0.0,0.0,2.0,0.0,0.006750668,-0.015957551,0.359379869
varying,varying_20260913_131301,16.0,0.6,1.4,0.25,16.249992182,116.0,1.4,1.4,1.378880668,1.621119332,0.0,0.0,1.0,0.14,0.44,0.219367379,0.08791439,1.0,0.240081345,0.051808359,0.051414574,0.051414574,0.051808359,1.378880668,-2.42238664,-1.728977846,-2.332788779,-7.251185474,1.0,1.0,1.0,0.0,9.84e-07,9.84e-07,2.0,8.52292987,0.0,0.0,0.0,1.0,0.0,-0.007684493,-0.021982292,0.358910484
varying,varying_20260913_131301,16.0,0.6,1.4,0.5,16.499994014000002,117.0,1.4,1.4,1.358415748,1.641584252,0.0,0.0,1.0,0.14,0.44,0.216111596,0.085883622,1.0,0.266500765,0.052490415,0.053058883,0.053058883,0.052490415,1.358415748,-2.831685048,-3.005919643,-2.271455628,4.497311337,1.0,1.0,1.0,0.0,1.753e-06,1.753e-06,2.0,6.535342457,0.0,0.0,0.0,2.0,0.0,-0.005937499,-0.01857529,0.357731994
varying,varying_20260913_131301,16.0,0.6,1.4,1.0,16.999996009,121.0,1.4,1.4,1.373824904,1.626175096,0.0,0.0,1.0,0.14,0.44,0.218563053,0.087412249,1.0,0.241702446,0.051414937,0.053404528,0.053404528,0.051414937,1.373824904,-2.523501916,-2.487562051,-1.109177082,13.879827267,1.0,1.0,1.0,0.0,1.291e-06,1.291e-06,2.0,5.349004027,0.0,0.0,0.0,2.0,0.0,0.013888346,-0.011874247,0.363400227
varying,varying_20260913_131301,32.0,1.4,2.3,0.0,31.999990443999998,228.0,2.299998925,2.299998925,2.180850929,2.619146921,0.8,0.0,1.0,0.14,0.44,0.346953557,0.163409332,1.0,0.44781237,0.086054761,0.086777563,0.086777563,0.086054761,2.180850929,-4.0,-2.773574564,-3.13506938,-8.073562875,1.0,1.0,1.0,0.0,1.992e-06,1.992e-06,2.0,23.996192566,0.0,0.0,0.0,0.0,0.0,-0.000471137,0.003353057,0.359054884
varying,varying_20260913_131301,32.0,1.4,2.3,0.25,32.249983554,230.0,2.3,2.3,2.114188889,2.685811111,0.0,0.0,1.0,0.14,0.44,0.336348232,0.157986456,1.0,0.582049608,0.095023578,0.087826839,0.087826839,0.095023578,2.114188889,-4.0,-2.618227652,-2.071812956,24.75530347,1.0,1.0,1.0,0.0,4.815e-06,4.815e-06,2.0,9.280159161,0.0,0.0,0.0,2.0,0.0,-0.003676071,0.005002054,0.350650463
varying,varying_20260913_131301,32.0,1.4,2.3,0.5,32.499991088,232.0,2.3,2.3,2.172720988,2.627279012,0.0,0.0,1.0,0.14,0.44,0.345660157,0.162761843,1.0,0.447259475,0.086288622,0.082142851,0.082142851,0.086288622,2.172720988,-4.0,-4.953577199,-3.510906924,-21.236787043,1.0,1.0,1.0,0.0,1.87e-06,1.87e-06,2.0,26.395125539,1.0,0.008481966,0.010471992,1.0,0.0,0.010644565,0.002395684,0.356043175
varying,varying_20260913_131301,32.0,1.4,2.3,1.0,32.999997219,235.0,2.3,2.3,2.158940086,2.641059914,0.0,0.0,1.0,0.14,0.44,0.343467741,0.161655296,1.0,0.478633704,0.088303845,0.088249701,0.088249701,0.088303845,2.158940086,-4.0,-4.243369501,-2.930592541,-18.893474051,1.0,1.0,1.0,0.0,1.337e-06,1.337e-06,2.0,5.920064873,0.0,0.0,0.0,1.0,0.0,0.030605998,-0.020410949,0.359970398
varying,varying_20260913_131301,48.0,2.3,2.8,0.0,47.999995070000004,342.0,2.799999692,2.799999692,2.628581732,3.171417651,0.8,0.0,1.0,0.14,0.44,0.418183457,0.191562309,1.0,0.562873017,0.106170476,0.10532267,0.10532267,0.106170476,2.628581732,-4.0,-4.180149906,-3.070620546,15.800084107,1.0,1.0,1.0,0.0,2.065e-06,2.065e-06,2.0,8.499907254,0.0,0.0,0.0,2.0,0.0,-0.007487792,-0.002826668,0.354933922
varying,varying_20260913_131301,48.0,2.3,2.8,0.25,48.249977204000004,344.0,2.8,2.8,2.639637658,3.160362342,0.0,0.0,1.0,0.14,0.44,0.419942355,0.192035888,1.0,0.573663314,0.10970529,0.106560869,0.106560869,0.10970529,2.639637658,-4.0,-5.577078372,-3.74238014,-16.613188274,1.0,1.0,1.0,0.0,2.545e-06,2.545e-06,2.0,24.412938226,0.0,0.0,0.0,0.0,0.0,-0.001269482,0.0001906,0.361871811
varying,varying_20260913_131301,48.0,2.3,2.8,0.5,48.499992228,346.0,2.8,2.8,2.639114819,3.160885181,0.0,0.0,1.0,0.14,0.44,0.419859176,0.19201377,1.0,0.550707911,0.107015981,0.104219971,0.104219971,0.107015981,2.639114819,-4.0,-2.670414153,-1.974134723,19.857454114,1.0,1.0,1.0,0.0,3.289e-06,3.289e-06,2.0,6.592472043,0.0,0.0,0.0,2.0,0.0,0.018837994,-0.015239215,0.356760078
varying,varying_20260913_131301,48.0,2.3,2.8,1.0,48.999993471,349.0,2.8,2.8,2.666711561,3.133288439,0.0,0.0,1.0,0.14,0.44,0.424249567,0.193143063,1.0,0.531134409,0.107935001,0.106877878,0.106877878,0.107935001,2.666711561,-4.0,-4.774489262,-5.8780015,-38.055671421,1.0,1.0,1.0,0.0,3.8317e-05,3.8317e-05,1.0,24.424032727,0.0,0.0,0.0,1.0,0.0,-0.017551003,0.003288619,0.356334574
varying,varying_20260913_131301,64.0,2.8,0.6,0.0,63.999988803,457.0,0.600003079,0.600003079,0.600003079,0.622215445,-1.2,0.0,1.0,0.14,0.44,0.095455035,0.020800197,1.0,0.01726232,0.016570964,0.01681785,0.01681785,0.016570964,0.0,0.801868073,0.801868073,-0.607005662,15.376673821,1.0,1.0,1.0,0.0,9.55e-07,9.55e-07,2.0,5.413160196,0.0,0.0,0.0,2.0,0.0,-0.008166377,0.000118591,0.36226377
varying,varying_20260913_131301,64.0,2.8,0.6,0.25,64.249993357,458.0,0.6,0.426399609,0.426399609,0.466322743,-0.207991752,4.0,1.0,0.14,0.44,0.067836301,0.010972567,1.0,-0.020385949,0.015579196,0.013248874,0.013248874,0.015579196,0.0,-0.341435017,-0.341435017,-0.848466836,9.802533523,1.0,1.0,1.0,1.0,2.268e-06,2.268e-06,2.0,7.209985432,0.0,0.0,0.0,4.0,0.0,0.005733961,-0.007158302,0.360689754
varying,varying_20260913_131301,64.0,2.8,0.6,0.5,64.50000939899999,460.0,0.6,0.500414542,0.500414542,0.260950382,0.792072416,4.0,1.0,0.14,0.44,0.079611404,0.014837853,1.0,-0.180648701,0.00422227,-0.000291053,-0.000291053,0.00422227,0.0,4.703738858,4.703738858,1.17167483,37.574299898,1.0,1.0,1.0,0.0,2.922e-06,2.922e-06,2.0,16.969362914,0.0,0.0,0.0,2.0,0.0,-0.010876346,-0.005608347,0.363789875
varying,varying_20260913_131301,64.0,2.8,0.6,1.0,64.99998987,464.0,0.6,0.6,0.6,0.581872745,0.0,0.0,1.0,0.14,0.44,0.095454545,0.0208,1.0,-0.018127255,0.014236775,0.011098647,0.011098647,0.014236775,0.0,0.437587903,0.437587903,-0.953698166,8.024398603,1.0,1.0,1.0,0.0,2.318e-06,2.318e-06,2.0,5.126015004,0.0,0.0,0.0,2.0,0.0,0.013797009,-0.009974007,0.364848365
varying,varying_20260913_131301,80.0,0.6,0.0,0.0,79.999976271,571.0,1.78e-06,1.78e-06,1.78e-06,-0.006549724,-1.2,0.0,1.0,0.14,0.44,2.83e-07,0.0,1.0,-0.01090073,-0.001832252,-0.0043777,-0.0043777,-0.001832252,0.0,0.0830792,0.0830792,-0.712536863,8.849281437,1.0,1.0,1.0,1.0,2.152e-06,2.152e-06,2.0,3.997715363,0.0,0.0,0.0,4.0,0.0,-0.008255629,-0.011525013,0.364690221
varying,varying_20260913_131301,80.0,0.6,0.0,0.25,80.249991068,571.0,0.0,0.0,0.0,0.078218002,-1.2,0.0,1.0,0.14,0.44,0.0,0.0,1.0,-0.010697324,-0.001832252,-0.0043777,-0.0043777,-0.001832252,0.0,-0.354205035,-1.778336201,-0.299264594,-4.185368969,1.0,1.0,1.0,0.0,1e-08,1e-08,4.0,6.081614605,0.0,0.0,0.0,4.0,0.0,-0.004936286,-0.012572178,0.37225209
varying,varying_20260913_131301,80.0,0.6,0.0,0.5,80.49999559599999,571.0,0.0,0.0,0.0,0.021950522,-1.2,0.0,1.0,0.14,0.44,0.0,0.0,1.0,-0.010697324,-0.001832252,-0.0043777,-0.0043777,-0.001832252,0.0,-0.079945652,-0.359756435,-0.031270806,-0.310769714,1.0,1.0,1.0,1.0,9e-09,9e-09,4.0,6.119992797,0.0,0.0,0.0,4.0,0.0,-0.003103605,-0.008939521,0.374200133
varying,varying_20260913_131301,80.0,0.6,0.0,1.0,80.99999091199999,571.0,0.0,0.0,0.0,0.01012237,-1.2,0.0,1.0,0.14,0.44,0.0,0.0,1.0,-0.010697324,-0.001832252,-0.0043777,-0.0043777,-0.001832252,0.0,-0.052645435,-0.212038884,-0.002680519,0.113875017,1.0,1.0,1.0,1.0,7e-09,7e-09,4.0,5.740189505,0.0,0.0,0.0,4.0,0.0,-0.000918286,-0.009987204,0.374449241
