scenario,run,transition_s,transition_endpoint_s,from_mps,to_mps,offset_s,row_t_rel_s,alignment_abs_error_s,t_rel_s,cmd_time_s,cycle_index,requested_mps,shaped_mps,applied_mps,measured_mps,period_s,duty,schedule_step_m,foot_lift_m,planner_semantic_speed_mps,stance_kinematic_speed_mps,measured_minus_applied_mps,measured_minus_planner_semantic_mps,measured_minus_stance_kinematic_mps,shaped_minus_applied_mps,measured_minus_shaped_mps,tracking_lead_mps,overspeed_mps,kernel_velocity_error_mps,touchdown_target_fr_m,touchdown_target_fl_m,touchdown_target_rr_m,touchdown_target_rl_m,kernel_footstep_plan_valid,wbc_full_velocity_target_mps,wbc_full_requested_acc_mps2,wbc_full_srbd_acc_mps2,wbc_full_id_contact_force_n,wbc_full_srbd_ok,wbc_full_id_ok,wbc_shadow_solver_ok
steps,steps_20260913_130149,8.0,16.0,0.0,1.0,0.0,8.000005749,5.74899999961076e-06,8.000005749,12.300078308,57.0,7.19e-07,7.19e-07,7.19e-07,0.017620905,0.14,0.44,1.14e-07,0.0,7.165714285714285e-07,8.142857142857142e-07,0.017620186,0.017620188428571427,0.017620090714285712,0.0,0.017620186,0.2,0.017620186,0.017620905,0.000377617,-0.000951128,-0.000951128,0.000377617,1.0,0.0,4.702270798,4.702270798,23.16255494,1.0,1.0,1.0
steps,steps_20260913_130149,8.0,16.0,0.0,1.0,0.25,8.249997356,2.6440000002736497e-06,8.249997356,12.550069915,58.0,0.031249669,0.031249669,0.031249669,-0.061645097,0.14,0.44,0.004971538,6.4651e-05,0.031249667428571427,0.03551098571428571,-0.092894766,-0.09289476442857143,-0.09715608271428572,0.0,-0.092894766,0.2,-0.092894766,-0.076645207,-0.002118047,-0.003808155,-0.003808155,-0.002118047,1.0,0.0,1.758278541,1.758278541,17.617516289,1.0,1.0,1.0
steps,steps_20260913_130149,8.0,16.0,0.0,1.0,0.5,8.499999468,5.319999996089564e-07,8.499999468,12.800072027,60.0,0.062499933,0.062499933,0.062499933,-0.00651922,0.14,0.44,0.009943171,0.000256799,0.062499932,0.07102264999999999,-0.069019153,-0.069019152,-0.07754187,0.0,-0.069019153,0.2,-0.069019153,-0.056519994,-0.002087612,-0.002480248,-0.002480248,-0.002087612,1.0,0.0,2.198687892,2.198687892,11.854135319,1.0,1.0,1.0
steps,steps_20260913_130149,8.0,16.0,0.0,1.0,1.0,9.000007076,7.075999999273108e-06,9.000007076,13.300079635,64.0,0.125000885,0.125000885,0.125000885,0.030821728,0.14,0.44,0.019886504,0.001012746,0.12500088228571427,0.14204645714285713,-0.09417915700000001,-0.09417915428571427,-0.11122472914285714,0.0,-0.09417915700000001,0.2,-0.09417915700000001,-0.089178876,-0.004363715,-0.003248135,-0.003248135,-0.004363715,1.0,0.0,2.148038799,2.148038799,8.747693516,1.0,1.0,1.0
steps,steps_20260913_130149,24.0,32.0,1.0,2.0,0.0,24.000003244,3.243999998403524e-06,24.000003244,28.300075803,171.0,1.000000406,1.000000406,1.000000406,1.137976729,0.14,0.44,0.159090974,0.051851888,1.0000004079999998,1.1363640999999998,0.13797632299999996,0.13797632100000023,0.0016126290000002541,0.0,0.13797632299999996,0.2,0.13797632299999996,0.137976729,0.033718284,0.037027835,0.037027835,0.033718284,1.0,0.0,-2.232417248,-2.232417248,4.339339415,1.0,1.0,1.0
steps,steps_20260913_130149,24.0,32.0,1.0,2.0,0.25,24.24999966,3.399999997100167e-07,24.24999966,28.550072219,173.0,1.031249958,1.031249958,1.031249958,1.20490538,0.14,0.44,0.164062493,0.054650875,1.031249956,1.1718749499999999,0.17365542199999995,0.1736554240000001,0.033030430000000166,0.0,0.17365542199999995,0.2,0.17365542199999995,0.177404808,0.037055263,0.037167454,0.037167454,0.037055263,1.0,0.0,-3.325975033,-3.325975033,-3.929258815,1.0,1.0,1.0
steps,steps_20260913_130149,24.0,32.0,1.0,2.0,0.5,24.500034169,3.416899999919565e-05,24.500034169,28.800106728,175.0,1.062504271,1.062504271,1.062504271,1.159264442,0.14,0.44,0.16903477,0.057490987,1.0625042685714285,1.2073912142857142,0.09676017100000012,0.09676017342857146,-0.04812677228571416,0.0,0.09676017100000012,0.2,0.09676017100000012,0.096760171,0.033818792,0.036706629,0.036706629,0.033818792,1.0,0.0,-0.491447924,-0.491447924,1.722357439,1.0,1.0,1.0
steps,steps_20260913_130149,24.0,32.0,1.0,2.0,1.0,25.000005708,5.707999999771118e-06,25.000005708,29.300078267,178.0,1.125000714,1.125000714,1.067815407,1.38218602,0.14,0.44,0.169879724,0.057977466,1.067815408,1.2134266,0.3143706129999999,0.31437061200000005,0.16875942,0.05718530699999991,0.257185306,0.2,0.257185306,0.330579836,0.04964335,0.049929346,0.049929346,0.04964335,1.0,0.0,-3.003894726,-3.003894726,-18.701332175,1.0,1.0,1.0
steps,steps_20260913_130149,40.0,48.0,2.0,3.0,0.0,40.000002019,2.019000000075266e-06,40.000002019,44.300074578,285.0,2.000000252,2.000000252,1.903225595,2.296774909,0.14,0.44,0.30278589,0.139351288,1.9032255942857141,2.162756357142857,0.3935493139999997,0.39354931471428567,0.13401855185714284,0.09677465699999988,0.29677465699999983,0.2,0.29677465699999983,0.379288578,0.074360621,0.074776008,0.074776008,0.074360621,1.0,1.903225595,-3.935493139,-4.162360606,-21.025422204,1.0,1.0,1.0
steps,steps_20260913_130149,40.0,48.0,2.0,3.0,0.25,40.250010911,1.09109999968382e-05,40.250010911,44.55008347,287.0,2.031251364,2.031251364,1.941218309,2.321284419,0.14,0.44,0.308830186,0.142849334,1.941218312,2.2059298999999997,0.38006611,0.380066107,0.11535451900000027,0.09003305500000014,0.2900330549999999,0.2,0.2900330549999999,0.361458327,0.07266086,0.074865117,0.074865117,0.07266086,1.0,1.941218309,-3.800661097,-3.044925929,-30.571182696,1.0,1.0,1.0
steps,steps_20260913_130149,40.0,48.0,2.0,3.0,0.5,40.499999428,5.719999975895007e-07,40.499999428,44.800071987,289.0,2.062499928,2.062499928,1.971691934,2.353307923,0.14,0.44,0.313678262,0.145614404,1.9716919325714282,2.240559014285714,0.38161598899999993,0.38161599042857186,0.11274890871428589,0.09080799399999973,0.2908079950000002,0.2,0.2908079950000002,0.371873584,0.075085697,0.076290037,0.076290037,0.075085697,1.0,1.971691934,-3.816159889,-1.574044729,0.272581762,1.0,1.0,1.0
steps,steps_20260913_130149,40.0,48.0,2.0,3.0,1.0,41.000003545,3.54499999843938e-06,41.000003545,45.300076104,292.0,2.125000443,2.125000443,2.018636978,2.431363908,0.14,0.44,0.321146792,0.149796954,2.0186369782857145,2.293905657142857,0.4127269299999998,0.41272692971428526,0.1374582508571427,0.10636346499999982,0.306363465,0.2,0.306363465,0.418275845,0.078809879,0.079261358,0.079261358,0.078809879,1.0,2.018636978,-4.0,-2.609812714,12.010466892,1.0,1.0,1.0
steps,steps_20260913_130415,8.0,16.0,0.0,1.0,0.0,7.999981061,1.8939000000273154e-05,7.999981061,12.300057914,57.0,0.0,0.0,0.0,0.056805372,0.14,0.44,0.0,0.0,0.0,0.0,0.056805372,0.056805372,0.056805372,0.0,0.056805372,0.2,0.056805372,0.056805372,0.003005854,0.000177718,0.000177718,0.003005854,1.0,0.0,4.985592905,4.985592905,27.471759581,1.0,1.0,1.0
steps,steps_20260913_130415,8.0,16.0,0.0,1.0,0.25,8.249999984,1.5999999547489097e-08,8.249999984,12.550076837,58.0,0.031249998,0.031249998,0.031249998,-0.091397409,0.14,0.44,0.004971591,6.4652e-05,0.03125000057142857,0.03551136428571428,-0.122647407,-0.12264740957142857,-0.1269087732857143,0.0,-0.122647407,0.2,-0.122647407,-0.106646652,-0.000607721,-0.004630336,-0.004630336,-0.000607721,1.0,0.0,2.701257624,2.701257624,21.676472498,1.0,1.0,1.0
steps,steps_20260913_130415,8.0,16.0,0.0,1.0,0.5,8.500020911,2.0911000000012336e-05,8.500020911,12.800097764,60.0,0.062502614,0.062502614,0.062502614,0.003698135,0.14,0.44,0.009943598,0.000256821,0.062502616,0.0710257,-0.058804479,-0.058804481,-0.06732756499999999,0.0,-0.058804479,0.2,-0.058804479,-0.046552084,-0.001781766,-0.001755729,-0.001755729,-0.001781766,1.0,0.0,1.625674514,1.625674514,11.717765293,1.0,1.0,1.0
steps,steps_20260913_130415,8.0,16.0,0.0,1.0,1.0,9.000010116,1.0116000000337522e-05,9.000010116,13.300086969,64.0,0.125001264,0.125001264,0.125001264,0.033478544,0.14,0.44,0.019886565,0.001012752,0.1250012657142857,0.14204689285714284,-0.09152272,-0.09152272171428569,-0.10856834885714284,0.0,-0.09152272,0.2,-0.09152272,-0.086770841,-0.003936621,-0.002757993,-0.002757993,-0.003936621,1.0,0.0,2.067218907,2.067218907,8.851588893,1.0,1.0,1.0
steps,steps_20260913_130415,24.0,32.0,1.0,2.0,0.0,24.000002643,2.6429999984145525e-06,24.000002643,28.300079496,171.0,1.00000033,1.00000033,1.00000033,1.166195753,0.14,0.44,0.159090962,0.051851881,1.0000003325714286,1.136364014285714,0.166195423,0.16619542042857138,0.029831738714285905,0.0,0.166195423,0.2,0.166195423,0.166195753,0.035548176,0.036785074,0.036785074,0.035548176,1.0,0.0,-2.236892735,-2.236892735,5.643007633,1.0,1.0,1.0
steps,steps_20260913_130415,24.0,32.0,1.0,2.0,0.25,24.249994816,5.183999999047728e-06,24.249994816,28.550071669,173.0,1.031249352,1.031249352,1.031249352,1.217828879,0.14,0.44,0.164062397,0.05465082,1.0312493525714284,1.171874264285714,0.18657952700000013,0.18657952642857167,0.04595461471428597,0.0,0.18657952700000013,0.2,0.18657952700000013,0.190080886,0.038663648,0.038593643,0.038593643,0.038663648,1.0,0.0,-2.815642868,-2.815642868,-1.169415525,1.0,1.0,1.0
steps,steps_20260913_130415,24.0,32.0,1.0,2.0,0.5,24.499998538,1.4620000001741573e-06,24.499998538,28.800075391,174.0,1.062499817,1.062499817,1.062499817,1.250163025,0.14,0.44,0.169034062,0.057490579,1.0624998182857144,1.207386157142857,0.18766320800000003,0.1876632067142856,0.042776867857142964,0.0,0.18766320800000003,0.2,0.18766320800000003,0.204912807,0.038805516,0.039057545,0.039057545,0.038805516,1.0,0.0,0.0,0.0,1.234752791,1.0,1.0,1.0
steps,steps_20260913_130415,24.0,32.0,1.0,2.0,1.0,24.999997471,2.528999999640291e-06,24.999997471,29.300074324,178.0,1.124999684,1.124999684,1.067800455,1.382198913,0.14,0.44,0.169877345,0.057976095,1.0678004542857142,1.213409607142857,0.3143984580000001,0.31439845871428584,0.16878930585714302,0.057199229000000074,0.25719922900000003,0.2,0.25719922900000003,0.295506728,0.045659274,0.04831401,0.04831401,0.045659274,1.0,0.0,-3.455264484,-3.455264484,-16.452882033,1.0,1.0,1.0
steps,steps_20260913_130415,40.0,48.0,2.0,3.0,0.0,40.000127465,0.00012746499999849448,40.000127465,44.300204318,285.0,2.000015933,2.000015933,1.920710889,2.279320978,0.14,0.44,0.305567641,0.140967906,1.920710886285714,2.182626007142857,0.3586100889999999,0.3586100917142858,0.09669497085714296,0.07930504399999982,0.2793050450000001,0.2,0.2793050450000001,0.396115117,0.078287268,0.07720307,0.07720307,0.078287268,1.0,1.920710889,-3.586100889,-4.07379838,9.285061694,1.0,1.0,1.0
steps,steps_20260913_130415,40.0,48.0,2.0,3.0,0.25,40.250144262,0.00014426199999917344,40.250144262,44.550221115,287.0,2.031268033,2.031268033,1.94838976,2.314146305,0.14,0.44,0.309971098,0.143503416,1.9483897588571428,2.214079271428571,0.365756545,0.36575654614285713,0.10006703357142888,0.08287827299999995,0.28287827200000004,0.2,0.28287827200000004,0.37520745,0.07505553,0.070155759,0.070155759,0.07505553,1.0,1.94838976,-3.657565448,-2.772616469,-29.736984848,1.0,1.0,1.0
steps,steps_20260913_130415,40.0,48.0,2.0,3.0,0.5,40.500123164,0.00012316400000145222,40.500123164,44.800200017,289.0,2.062515396,2.062515396,1.930980727,2.394050064,0.14,0.44,0.307201479,0.141912113,1.930980725142857,2.194296278571428,0.4630693370000001,0.46306933885714296,0.1997537854285718,0.13153466899999988,0.3315346680000002,0.2,0.3315346680000002,0.455009374,0.079943865,0.075833176,0.075833176,0.079943865,1.0,1.930980727,-4.0,-3.111378152,-9.799161217,1.0,1.0,1.0
steps,steps_20260913_130415,40.0,48.0,2.0,3.0,1.0,41.000122907,0.00012290699999795152,41.000122907,45.30019976,292.0,2.125015363,2.125015363,2.009527691,2.440503036,0.14,0.44,0.319697587,0.148993024,2.0095276897142855,2.283554192857143,0.4309753449999998,0.43097534628571443,0.15694884314285718,0.11548767199999999,0.3154876729999998,0.2,0.3154876729999998,0.387630586,0.074255089,0.077658555,0.077658555,0.074255089,1.0,2.009527691,-4.0,-1.779084662,18.770869834,1.0,1.0,1.0
steps,steps_20260913_130640,8.0,16.0,0.0,1.0,0.0,7.999999325999999,6.74000000699948e-07,7.999999325999999,12.300074006,57.0,0.0,0.0,0.0,-0.062402811,0.14,0.44,0.0,0.0,0.0,0.0,-0.062402811,-0.062402811,-0.062402811,0.0,-0.062402811,0.2,-0.062402811,-0.062402811,-0.004910668,-0.004821703,-0.004821703,-0.004910668,1.0,0.0,4.469884897,4.469884897,29.98291968,1.0,1.0,1.0
steps,steps_20260913_130640,8.0,16.0,0.0,1.0,0.25,8.249999812,1.879999995679782e-07,8.249999812,12.550074492,58.0,0.031249976,0.031249976,0.031249976,-0.033983266,0.14,0.44,0.004971587,6.4652e-05,0.031249975428571428,0.03551133571428571,-0.065233242,-0.06523324142857143,-0.0694946017142857,0.0,-0.065233242,0.2,-0.065233242,-0.048983484,-0.001009185,-0.001470475,-0.001470475,-0.001009185,1.0,0.0,1.464113239,1.464113239,17.103565343,1.0,1.0,1.0
steps,steps_20260913_130640,8.0,16.0,0.0,1.0,0.5,8.500001292,1.292000000319149e-06,8.500001292,12.800075972,60.0,0.062500161,0.062500161,0.062500161,-0.004205407,0.14,0.44,0.009943208,0.000256801,0.06250016457142857,0.07102291428571428,-0.06670556799999999,-0.06670557157142856,-0.07522832128571427,0.0,-0.06670556799999999,0.2,-0.06670556799999999,-0.054454907,-0.002792222,-0.002555193,-0.002555193,-0.002792222,1.0,0.0,1.517463383,1.517463383,11.29620271,1.0,1.0,1.0
steps,steps_20260913_130640,8.0,16.0,0.0,1.0,1.0,8.999999245,7.550000002964907e-07,8.999999245,13.300073925,64.0,0.124999906,0.124999906,0.124999906,0.036001175,0.14,0.44,0.019886349,0.00101273,0.12499990799999999,0.14204535,-0.088998731,-0.088998733,-0.10604417499999999,0.0,-0.088998731,0.2,-0.088998731,-0.083999038,-0.00351313,-0.001885149,-0.001885149,-0.00351313,1.0,0.0,2.211668871,2.211668871,9.799101991,1.0,1.0,1.0
steps,steps_20260913_130640,24.0,32.0,1.0,2.0,0.0,24.000001488000002,1.488000002325407e-06,24.000001488000002,28.300076168,171.0,1.000000186,1.000000186,1.000000186,1.141133372,0.14,0.44,0.159090939,0.051851868,1.0000001879999998,1.1363638499999997,0.14113318600000002,0.1411331840000003,0.004769522000000359,0.0,0.14113318600000002,0.2,0.14113318600000002,0.141133372,0.033777843,0.035514192,0.035514192,0.033777843,1.0,0.0,-1.909210026,-1.909210026,7.070923119,1.0,1.0,1.0
steps,steps_20260913_130640,24.0,32.0,1.0,2.0,0.25,24.250000921,9.210000015968944e-07,24.250000921,28.550075601,173.0,1.031250115,1.031250115,1.031250115,1.179356269,0.14,0.44,0.164062518,0.054650889,1.0312501131428569,1.1718751285714284,0.14810615399999993,0.14810615585714304,0.007481140428571509,0.0,0.14810615399999993,0.2,0.14810615399999993,0.151856239,0.035207847,0.037719152,0.037719152,0.035207847,1.0,0.0,-2.910692398,-2.910692398,1.953240922,1.0,1.0,1.0
steps,steps_20260913_130640,24.0,32.0,1.0,2.0,0.5,24.499995124999998,4.875000001902663e-06,24.499995124999998,28.800069805,174.0,1.062499391,1.062499391,1.062499391,1.221605762,0.14,0.44,0.169033994,0.05749054,1.0624993908571427,1.2073856714285713,0.15910637100000002,0.1591063711428573,0.0142200905714287,0.0,0.15910637100000002,0.2,0.15910637100000002,0.176605651,0.03924766,0.037262344,0.037262344,0.03924766,1.0,0.0,0.0,0.0,1.261621724,1.0,1.0,1.0
steps,steps_20260913_130640,24.0,32.0,1.0,2.0,1.0,25.000005909000002,5.909000002191078e-06,25.000005909000002,29.300080589,178.0,1.125000739,1.125000739,1.125000739,1.308865169,0.14,0.44,0.17897739,0.063281319,1.125000737142857,1.2784099285714283,0.18386442999999986,0.18386443185714296,0.030455240428571617,0.0,0.18386442999999986,0.2,0.18386442999999986,0.19361572,0.041956728,0.041906559,0.041906559,0.041956728,1.0,0.0,-3.132100597,-3.132100597,-7.758815135,1.0,1.0,1.0
steps,steps_20260913_130640,40.0,48.0,2.0,3.0,0.0,40.000005175,5.174999998303065e-06,40.000005175,44.300079855,285.0,2.000000647,2.000000647,1.906386999,2.293614295,0.14,0.44,0.303288841,0.139644404,1.9063870005714283,2.166348864285714,0.38722729599999983,0.3872272944285715,0.12726543071428598,0.09361364799999983,0.293613648,0.2,0.293613648,0.398779433,0.076955227,0.076730282,0.076730282,0.076955227,1.0,1.906386999,-3.872272961,-3.217327506,-18.772521567,1.0,1.0,1.0
steps,steps_20260913_130640,40.0,48.0,2.0,3.0,0.25,40.250001911,1.9109999982447334e-06,40.250001911,44.550076591,287.0,2.031250239,2.031250239,1.93901001,2.323490467,0.14,0.44,0.308478865,0.142647515,1.9390100085714284,2.203420464285714,0.384480457,0.3844804584285717,0.12007000271428625,0.09224022899999973,0.29224022800000027,0.2,0.29224022800000027,0.39123641,0.075819437,0.071579239,0.071579239,0.075819437,1.0,1.93901001,-3.844804572,0.0,0.806516763,1.0,1.0,1.0
steps,steps_20260913_130640,40.0,48.0,2.0,3.0,0.5,40.499994961,5.039000001261229e-06,40.499994961,44.800069641,289.0,2.06249937,2.06249937,1.946283299,2.378715441,0.14,0.44,0.309635979,0.143311505,1.9462832965714285,2.2116855642857143,0.43243214200000013,0.4324321444285717,0.16702987671428593,0.11621607099999975,0.3162160710000004,0.2,0.3162160710000004,0.426918777,0.078480606,0.071232549,0.071232549,0.078480606,1.0,1.946283299,-4.0,-2.440032667,12.410896571,1.0,1.0,1.0
steps,steps_20260913_130640,40.0,48.0,2.0,3.0,1.0,41.000001794999996,1.7949999957522778e-06,41.000001794999996,45.300076475,292.0,2.125000224,2.125000224,2.032828298,2.41717215,0.14,0.44,0.323404502,0.151041746,2.0328282982857138,2.3100321571428566,0.38434385199999976,0.3843438517142861,0.10713999285714326,0.0921719259999998,0.29217192599999997,0.2,0.29217192599999997,0.355040787,0.073227721,0.075822397,0.075822397,0.073227721,1.0,2.032828298,-3.843438518,-1.888957555,9.472133205,1.0,1.0,1.0
varying,varying_20260913_130859,8.0,16.0,0.6,1.4,0.0,7.999996809,3.191000000235533e-06,7.999996809,12.300069651,57.0,0.6,0.6,0.6,0.584660403,0.14,0.44,0.095454545,0.0208,0.5999999971428571,0.6818181785714286,-0.015339596999999983,-0.015339594142857127,-0.09715777557142857,0.0,-0.015339596999999983,0.2,-0.015339596999999983,-0.015339597,0.014318582,0.013868703,0.013868703,0.014318582,1.0,0.0,1.47778165,1.47778165,8.598051812,1.0,1.0,1.0
varying,varying_20260913_130859,8.0,16.0,0.6,1.4,0.25,8.250001274999999,1.2749999989125627e-06,8.250001274999999,12.550074117,58.0,0.625000128,0.625000128,0.625000128,0.588723826,0.14,0.44,0.099431838,0.022424777,0.6250001245714285,0.7102274142857142,-0.036276302000000094,-0.036276298571428556,-0.12150358828571428,0.0,-0.036276302000000094,0.2,-0.036276302000000094,-0.023476276,0.010922369,0.011553071,0.011553071,0.010922369,1.0,0.0,-0.205807544,-0.205807544,-4.96897954,1.0,1.0,1.0
varying,varying_20260913_130859,8.0,16.0,0.6,1.4,0.5,8.500003987,3.986999999483487e-06,8.500003987,12.800076829,60.0,0.650000399,0.650000399,0.650000399,0.597796691,0.14,0.44,0.103409154,0.024098175,0.6500003965714285,0.7386368142857143,-0.05220370799999996,-0.052203705571428505,-0.14084012328571427,0.0,-0.05220370799999996,0.2,-0.05220370799999996,-0.042404053,0.014863544,0.013245166,0.013245166,0.014863544,1.0,0.0,2.074843384,2.074843384,15.462497537,1.0,1.0,1.0
varying,varying_20260913_130859,8.0,16.0,0.6,1.4,1.0,8.999998477000002,1.5229999981158926e-06,8.999998477000002,13.300071319,64.0,0.699999848,0.699999848,0.699999848,0.668998877,0.14,0.44,0.111363612,0.027585174,0.6999998468571428,0.7954543714285713,-0.03100097099999999,-0.031000969857142735,-0.1264554944285713,0.0,-0.03100097099999999,0.2,-0.03100097099999999,-0.027001144,0.015232665,0.014108357,0.014108357,0.015232665,1.0,0.0,0.868978485,0.868978485,11.769956643,1.0,1.0,1.0
varying,varying_20260913_130859,24.0,32.0,1.4,2.3,0.0,24.000001773,1.773000001037417e-06,24.000001773,28.300074615,171.0,1.400000199,1.400000199,1.352243959,1.64775644,0.14,0.44,0.215129721,0.085272185,1.3522439605714285,1.5366408642857141,0.29551248100000005,0.2955124794285715,0.11111557571428587,0.047756240000000005,0.24775624100000004,0.2,0.24775624100000004,0.281947683,0.053552787,0.052297756,0.052297756,0.053552787,1.0,1.352243959,-2.955124813,-2.545182269,14.349189799,1.0,1.0,1.0
varying,varying_20260913_130859,24.0,32.0,1.4,2.3,0.25,24.250007128,7.128000000022894e-06,24.250007128,28.55007997,173.0,1.428125802,1.428125802,1.392742952,1.663508652,0.14,0.44,0.221572742,0.089292575,1.3927429497142854,1.5826624428571425,0.2707656999999999,0.2707657022857146,0.08084620914285745,0.035382849999999966,0.23538284999999992,0.2,0.23538284999999992,0.250166845,0.051573228,0.052018842,0.052018842,0.051573228,1.0,1.392742952,-2.707656996,-2.400709237,-2.088259267,1.0,1.0,1.0
varying,varying_20260913_130859,24.0,32.0,1.4,2.3,0.5,24.500003835,3.835000001117805e-06,24.500003835,28.800076677,175.0,1.456250431,1.456250431,1.445419893,1.66708097,0.14,0.44,0.229953165,0.094544398,1.4454198942857142,1.642522607142857,0.22166107700000004,0.22166107571428584,0.02455836285714308,0.010830538,0.21083053900000004,0.2,0.21083053900000004,0.221661076,0.052308773,0.052505842,0.052505842,0.052308773,1.0,1.445419893,-2.216610762,-4.962077057,-18.453805469,1.0,1.0,1.0
varying,varying_20260913_130859,24.0,32.0,1.4,2.3,1.0,25.000003495,3.4950000014077887e-06,25.000003495,29.300076337,178.0,1.512500393,1.512500393,1.492299666,1.73270112,0.14,0.44,0.237411311,0.099229973,1.4922996691428572,1.6957950785714284,0.2404014539999999,0.24040145085714282,0.03690604142857157,0.020200726999999974,0.22020072699999993,0.2,0.22020072699999993,0.237624256,0.053235782,0.054703945,0.054703945,0.053235782,1.0,1.492299666,-2.404014536,-3.164116521,-0.36099548,1.0,1.0,1.0
varying,varying_20260913_130859,40.0,48.0,2.3,2.8,0.0,40.000004661,4.660999998407078e-06,40.000004661,44.300077503,285.0,2.300000291,2.300000291,2.237176134,2.562824449,0.14,0.44,0.355914385,0.16778276,2.237176134285714,2.5422456071428567,0.325648315,0.3256483147142859,0.020578841857143093,0.0628241570000001,0.2628241579999999,0.2,0.2628241579999999,0.304379445,0.077305399,0.078388571,0.078388571,0.077305399,1.0,2.237176134,-3.256483149,-4.338884004,-17.482300644,1.0,1.0,1.0
varying,varying_20260913_130859,40.0,48.0,2.3,2.8,0.25,40.250005132,5.1319999982979425e-06,40.250005132,44.550077974,287.0,2.315625321,2.315625321,2.153363584,2.677887057,0.14,0.44,0.34258057,0.161204352,2.1533635828571422,2.447004071428571,0.5245234729999999,0.5245234741428577,0.23088298557142917,0.16226173700000013,0.3622617359999998,0.2,0.3622617359999998,0.522836084,0.090741104,0.086807695,0.086807695,0.090741104,1.0,2.153363584,-4.0,-3.371395022,0.150430808,1.0,1.0,1.0
varying,varying_20260913_130859,40.0,48.0,2.3,2.8,0.5,40.499999716,2.840000021819833e-07,40.499999716,44.800072558,289.0,2.331249982,2.331249982,2.182230207,2.680269757,0.14,0.44,0.347172988,0.163518785,2.1822302102857143,2.479807057142857,0.4980395500000001,0.49803954671428574,0.20046269985714282,0.1490197750000002,0.3490197749999999,0.2,0.3490197749999999,0.49898286,0.090168445,0.09245975,0.09245975,0.090168445,1.0,2.182230207,-4.0,-2.579021626,3.096066379,1.0,1.0,1.0
varying,varying_20260913_130859,40.0,48.0,2.3,2.8,1.0,41.000001819,1.8189999977380467e-06,41.000001819,45.300074661,292.0,2.362500114,2.362500114,2.295988395,2.629011832,0.14,0.44,0.365270881,0.172127191,2.295988394857143,2.609077721428571,0.33302343700000003,0.3330234371428573,0.01993411057142902,0.06651171899999975,0.2665117180000003,0.2,0.2665117180000003,0.403738016,0.08882243,0.088850755,0.088850755,0.08882243,1.0,2.295988395,-3.330234368,-2.358496436,22.344653726,1.0,1.0,1.0
varying,varying_20260913_131059,8.0,16.0,0.6,1.4,0.0,7.999996062,3.937999999870101e-06,7.999996062,12.300080544,57.0,0.6,0.6,0.6,0.578997425,0.14,0.44,0.095454545,0.0208,0.5999999971428571,0.6818181785714286,-0.021002575000000023,-0.021002572142857168,-0.10282075357142861,0.0,-0.021002575000000023,0.2,-0.021002575000000023,-0.021002575,0.013574164,0.01253549,0.01253549,0.013574164,1.0,0.0,1.459335815,1.459335815,12.66127785,1.0,1.0,1.0
varying,varying_20260913_131059,8.0,16.0,0.6,1.4,0.25,8.249997061999998,2.93800000150668e-06,8.249997061999998,12.550081544,58.0,0.624999706,0.624999706,0.624999706,0.5738508,0.14,0.44,0.099431771,0.022424749,0.6249997034285714,0.7102269357142856,-0.051148905999999994,-0.05114890342857137,-0.13637613571428564,0.0,-0.051148905999999994,0.2,-0.051148905999999994,-0.038348697,0.01191574,0.011975918,0.011975918,0.01191574,1.0,0.0,0.693182365,0.693182365,5.459732458,1.0,1.0,1.0
varying,varying_20260913_131059,8.0,16.0,0.6,1.4,0.5,8.500006758000001,6.75800000138338e-06,8.500006758000001,12.80009124,60.0,0.650000676,0.650000676,0.650000676,0.598248517,0.14,0.44,0.103409198,0.024098194,0.650000673142857,0.7386371285714285,-0.051752158999999964,-0.051752156142857,-0.14038861157142846,0.0,-0.051752158999999964,0.2,-0.051752158999999964,-0.04195057,0.014029133,0.013211198,0.013211198,0.014029133,1.0,0.0,2.113328385,2.113328385,16.427651385,1.0,1.0,1.0
varying,varying_20260913_131059,8.0,16.0,0.6,1.4,1.0,8.99998614,1.3859999999255024e-05,8.99998614,13.300070622,64.0,0.699998614,0.699998614,0.699998614,0.667716955,0.14,0.44,0.111363416,0.027585086,0.6999986148571428,0.7954529714285714,-0.03228165900000002,-0.03228165985714282,-0.12773601642857146,0.0,-0.03228165900000002,0.2,-0.03228165900000002,-0.028482478,0.015486029,0.015170514,0.015170514,0.015486029,1.0,0.0,0.882973029,0.882973029,10.857317276,1.0,1.0,1.0
varying,varying_20260913_131059,24.0,32.0,1.4,2.3,0.0,23.999987955,1.2044999998295225e-05,23.999987955,28.300072437,171.0,1.4,1.4,1.370390242,1.629609758,0.14,0.44,0.218016629,0.08707128,1.3703902394285712,1.5572616357142854,0.2592195159999999,0.2592195185714288,0.07234812228571452,0.029609757999999875,0.22960975800000005,0.2,0.22960975800000005,0.243941428,0.051277978,0.052575068,0.052575068,0.051277978,1.0,1.370390242,-2.592195161,-2.332321166,13.88258481,1.0,1.0,1.0
varying,varying_20260913_131059,24.0,32.0,1.4,2.3,0.25,24.250000367000002,3.670000019440067e-07,24.250000367000002,28.550084849,173.0,1.428125041,1.428125041,1.388915726,1.667334357,0.14,0.44,0.220963865,0.08891188,1.3889157228571427,1.5783133214285714,0.2784186310000001,0.2784186341428574,0.08902103557142871,0.03920931499999991,0.23920931600000017,0.2,0.23920931600000017,0.260715229,0.052374572,0.05132983,0.05132983,0.052374572,1.0,1.388915726,-2.784186312,-2.539638441,-2.484374399,1.0,1.0,1.0
varying,varying_20260913_131059,24.0,32.0,1.4,2.3,0.5,24.499986049,1.395099999967897e-05,24.499986049,28.800070531,174.0,1.456248431,1.456248431,1.428821521,1.68367534,0.14,0.44,0.227312515,0.092887495,1.4288215228571428,1.6236608214285713,0.25485381900000004,0.25485381714285715,0.0600145185714287,0.02742690999999997,0.22742690900000007,0.2,0.22742690900000007,0.242951886,0.050443128,0.052368828,0.052368828,0.050443128,1.0,1.428821521,-2.548538195,-2.835554439,-23.708083886,1.0,1.0,1.0
varying,varying_20260913_131059,24.0,32.0,1.4,2.3,1.0,24.999993916,6.083999998907075e-06,24.999993916,29.300078398,178.0,1.512499316,1.512499316,1.487644526,1.737354105,0.14,0.44,0.23667072,0.098764481,1.4876445257142856,1.6905051428571427,0.24970957900000013,0.24970957928571447,0.04684896214285739,0.024854790000000015,0.2248547890000001,0.2,0.2248547890000001,0.247481492,0.053863204,0.055258454,0.055258454,0.053863204,1.0,1.487644526,-2.497095795,-2.844003367,-2.949900756,1.0,1.0,1.0
varying,varying_20260913_131059,40.0,48.0,2.3,2.8,0.0,40.0000121,1.2099999999293232e-05,40.0000121,44.300096582,285.0,2.300000756,2.300000756,2.172919452,2.627082061,0.14,0.44,0.345691731,0.162777697,2.1729194519999995,2.46922665,0.45416260899999994,0.4541626090000004,0.1578554109999999,0.12708130400000028,0.32708130499999966,0.2,0.32708130499999966,0.444150908,0.085955112,0.086260432,0.086260432,0.085955112,1.0,2.172919452,-4.0,-4.338291886,-24.977523835,1.0,1.0,1.0
varying,varying_20260913_131059,40.0,48.0,2.3,2.8,0.25,40.249988163999994,1.1836000005871483e-05,40.249988163999994,44.550072646,287.0,2.31562426,2.31562426,2.187292989,2.643955531,0.14,0.44,0.34797843,0.163919555,2.187292988571428,2.485560214285714,0.4566625420000001,0.45666254242857196,0.15839531671428597,0.12833127099999997,0.32833127100000015,0.2,0.32833127100000015,0.433545402,0.084399948,0.088414722,0.088414722,0.084399948,1.0,2.187292989,-4.0,0.0,0.728617582,1.0,1.0,1.0
varying,varying_20260913_131059,40.0,48.0,2.3,2.8,0.5,40.499991916999996,8.083000004432961e-06,40.499991916999996,44.800076399,289.0,2.331249495,2.331249495,2.238892011,2.623606979,0.14,0.44,0.356187365,0.167912808,2.2388920085714283,2.544195464285714,0.38471496799999993,0.3847149704285715,0.07941151471428576,0.09235748399999988,0.29235748400000006,0.2,0.29235748400000006,0.376425482,0.082637961,0.089102674,0.089102674,0.082637961,1.0,2.238892011,-3.847149678,-1.85457637,5.13577867,1.0,1.0,1.0
varying,varying_20260913_131059,40.0,48.0,2.3,2.8,1.0,40.99998039,1.9610000002501238e-05,40.99998039,45.300064872,292.0,2.362498774,2.362498774,2.266628413,2.658369136,0.14,0.44,0.360599975,0.169987846,2.266628414285714,2.575714107142857,0.3917407230000003,0.3917407217142861,0.08265502885714326,0.09587036100000024,0.29587036200000005,0.2,0.29587036200000005,0.427575217,0.088190065,0.08527121,0.08527121,0.088190065,1.0,2.266628413,-3.917407236,-2.683379095,14.331144779,1.0,1.0,1.0
varying,varying_20260913_131301,8.0,16.0,0.6,1.4,0.0,7.999994376000001,5.623999999038176e-06,7.999994376000001,12.300078812,57.0,0.6,0.6,0.6,0.603699387,0.14,0.44,0.095454545,0.0208,0.5999999971428571,0.6818181785714286,0.003699387000000054,0.0036993898571429096,-0.07811879157142854,0.0,0.003699387000000054,0.2,0.003699387000000054,0.003699387,0.015180291,0.01589972,0.01589972,0.015180291,1.0,0.0,0.958520536,0.958520536,13.060626938,1.0,1.0,1.0
varying,varying_20260913_131301,8.0,16.0,0.6,1.4,0.25,8.249991966,8.034000000378683e-06,8.249991966,12.550076402,58.0,0.624999197,0.624999197,0.624999197,0.573844419,0.14,0.44,0.09943169,0.022424716,0.6249991942857143,0.7102263571428571,-0.0511547779999999,-0.051154775285714216,-0.13638193814285704,0.0,-0.0511547779999999,0.2,-0.0511547779999999,-0.038355643,0.011714456,0.011312487,0.011312487,0.011714456,1.0,0.0,0.414591423,0.414591423,3.34478977,1.0,1.0,1.0
varying,varying_20260913_131301,8.0,16.0,0.6,1.4,0.5,8.499995635000001,4.364999998784924e-06,8.499995635000001,12.800080071,60.0,0.649999563,0.649999563,0.649999563,0.601369614,0.14,0.44,0.103409021,0.024098119,0.6499995605714285,0.7386358642857143,-0.04862994899999995,-0.048629946571428495,-0.13726625028571426,0.0,-0.04862994899999995,0.2,-0.04862994899999995,-0.038829416,0.014542846,0.013467054,0.013467054,0.014542846,1.0,0.0,2.492425187,2.492425187,16.840082632,1.0,1.0,1.0
varying,varying_20260913_131301,8.0,16.0,0.6,1.4,1.0,8.999993619000001,6.380999998611969e-06,8.999993619000001,13.300078055,64.0,0.699999362,0.699999362,0.699999362,0.669241646,0.14,0.44,0.111363535,0.02758514,0.6999993628571428,0.7954538214285714,-0.03075771599999999,-0.03075771685714279,-0.12621217542857133,0.0,-0.03075771599999999,0.2,-0.03075771599999999,-0.026956976,0.015385813,0.01426094,0.01426094,0.015385813,1.0,0.0,0.834312092,0.834312092,13.079702136,1.0,1.0,1.0
varying,varying_20260913_131301,24.0,32.0,1.4,2.3,0.0,23.999990234000002,9.765999998023744e-06,23.999990234000002,28.30007467,171.0,1.4,1.4,1.368047532,1.631952468,0.14,0.44,0.217643926,0.08683879,1.3680475348571426,1.5545994714285711,0.26390493599999987,0.26390493314285735,0.0773529965714288,0.031952467999999845,0.23195246800000002,0.2,0.23195246800000002,0.252748975,0.052018491,0.052288667,0.052288667,0.052018491,1.0,1.368047532,-2.639049362,-2.495680185,14.197128759,1.0,1.0,1.0
varying,varying_20260913_131301,24.0,32.0,1.4,2.3,0.25,24.250002622,2.6220000002297184e-06,24.250002622,28.550087058,173.0,1.428125295,1.428125295,1.398885902,1.657364688,0.14,0.44,0.22255003,0.089903906,1.3988859028571428,1.5896430714285714,0.25847878599999996,0.25847878514285716,0.0677216165714285,0.029239393000000113,0.22923939299999985,0.2,0.22923939299999985,0.238846317,0.051011268,0.052130262,0.052130262,0.051011268,1.0,1.398885902,-2.584787861,-2.497212682,-1.209940811,1.0,1.0,1.0
varying,varying_20260913_131301,24.0,32.0,1.4,2.3,0.5,24.499993559,6.441000000023678e-06,24.499993559,28.800077995,174.0,1.456249275,1.456249275,1.442877685,1.669620866,0.14,0.44,0.229548723,0.09429053,1.4428776874285714,1.6396337357142856,0.22674318100000002,0.22674317857142867,0.029987130285714425,0.013371589999999989,0.21337159100000003,0.2,0.21337159100000003,0.239880928,0.051900477,0.052740703,0.052740703,0.051900477,1.0,1.442877685,-2.267431814,-2.930815135,-9.979001917,1.0,1.0,1.0
varying,varying_20260913_131301,24.0,32.0,1.4,2.3,1.0,24.999988931,1.1068999999253037e-05,24.999988931,29.300073367,178.0,1.512498755,1.512498755,1.484810188,1.740187322,0.14,0.44,0.236219803,0.098481071,1.484810190285714,1.687284307142857,0.25537713399999995,0.2553771317142859,0.052903014857142994,0.027688566999999997,0.22768856699999995,0.2,0.22768856699999995,0.260391292,0.055017323,0.055968829,0.055968829,0.055017323,1.0,1.484810188,-2.553771338,-2.831007076,-3.382774576,1.0,1.0,1.0
varying,varying_20260913_131301,40.0,48.0,2.3,2.8,0.0,39.999993006000004,6.9939999960411114e-06,39.999993006000004,44.300077442,285.0,2.3,2.3,2.178715333,2.621284667,0.14,0.44,0.346613803,0.163239633,2.178715333142857,2.4758128785714284,0.44256933399999987,0.44256933385714303,0.14547178842857145,0.12128466699999985,0.321284667,0.2,0.321284667,0.420483232,0.083908166,0.085021043,0.085021043,0.083908166,1.0,2.178715333,-4.0,-4.335466182,-16.326964827,1.0,1.0,1.0
varying,varying_20260913_131301,40.0,48.0,2.3,2.8,0.25,40.249986899,1.3101000000403928e-05,40.249986899,44.550071335,287.0,2.315624181,2.315624181,2.239998587,2.591249776,0.14,0.44,0.356363412,0.167996575,2.2399985897142853,2.5454529428571426,0.3512511890000001,0.35125118628571483,0.04579683314285754,0.07562559399999991,0.27562559500000017,0.2,0.27562559500000017,0.311990176,0.076513593,0.088324386,0.088324386,0.076513593,1.0,2.239998587,-3.51251189,-3.086635453,-37.239579597,1.0,1.0,1.0
varying,varying_20260913_131301,40.0,48.0,2.3,2.8,0.5,40.499994858,5.141999999125346e-06,40.499994858,44.800079294,289.0,2.331249679,2.331249679,2.201283403,2.661215954,0.14,0.44,0.350204178,0.165018858,2.201283404571428,2.5014584142857137,0.4599325510000001,0.4599325494285722,0.15975753971428652,0.12996627599999977,0.3299662750000003,0.2,0.3299662750000003,0.447484363,0.0864695,0.086331253,0.086331253,0.0864695,1.0,2.201283403,-4.0,-2.501786649,1.900808387,1.0,1.0,1.0
varying,varying_20260913_131301,40.0,48.0,2.3,2.8,1.0,40.99999056,9.439999999472093e-06,40.99999056,45.300074996,292.0,2.36249941,2.36249941,2.239316346,2.685682474,0.14,0.44,0.356254873,0.167944939,2.239316344571429,2.544677664285714,0.4463661280000002,0.44636612942857123,0.14100480971428597,0.12318306400000001,0.3231830640000002,0.2,0.3231830640000002,0.484426144,0.091573433,0.090183271,0.090183271,0.091573433,1.0,2.239316346,-4.0,-3.87653919,14.798707288,1.0,1.0,1.0
